game_id,cfbd_id,season,week,start_date,home_team,away_team,neutral_site,conference_game,venue,home_win_probability,away_win_probability,predicted_winner,prediction_probability,confidence,prediction_timestamp,start_date_utc,hours_to_kickoff,prediction_status,lock_market_captured,lock_market_timestamp,lock_provider,lock_home_moneyline,lock_away_moneyline,lock_moneyline,lock_moneyline_odds,lock_spread,lock_spread_favourite,lock_over_under,bet_side
79,401858423,2026,1,2026-09-03 22:00:00,Rutgers,Massachusetts,False,False,SHI Stadium,0.8812245464632685,0.1187754535367314,Rutgers,0.8812245464632685,Very High,2026-09-03 19:12:57 UTC,2026-09-03 22:00:00+00:00,-11.730842471944444,LOCKED,True,2026-09-03 19:12:57 UTC,Unknown,,,,,,,,HOME
86,401858204,2026,1,2026-09-03 23:00:00,Wake Forest,Akron,False,False,Allegacy Federal Credit Union Stadium,0.814798612467583,0.185201387532417,Wake Forest,0.814798612467583,Very High,2026-09-03 19:12:57 UTC,2026-09-03 23:00:00+00:00,-10.730842471944444,LOCKED,True,2026-09-03 19:12:59 UTC,Unknown,,,,,,,,HOME
84,401864424,2026,1,2026-09-03 23:00:00,Delaware,Merrimack,False,False,Delaware Stadium,0.6825419062305488,0.3174580937694512,Delaware,0.6825419062305488,Moderate,2026-09-03 19:12:57 UTC,2026-09-03 23:00:00+00:00,-10.730842471944444,LOCKED,True,2026-09-03 19:13:01 UTC,Unknown,,,,,,,,HOME
82,401864425,2026,1,2026-09-03 23:00:00,Kennesaw State,West Georgia,False,False,Fifth Third Stadium,0.3366378669278593,0.6633621330721406,West Georgia,0.6633621330721406,Moderate,2026-09-03 19:12:57 UTC,2026-09-03 23:00:00+00:00,-10.730842471944444,LOCKED,True,2026-09-03 19:13:02 UTC,Unknown,,,,,,,,AWAY
81,401856767,2026,1,2026-09-03 23:00:00,UCF,Bethune-Cookman,False,False,FBC Mortgage Stadium,0.3368904800477301,0.6631095199522699,Bethune-Cookman,0.6631095199522699,Moderate,2026-09-03 19:12:57 UTC,2026-09-03 23:00:00+00:00,-10.730842471944444,LOCKED,True,2026-09-03 19:13:05 UTC,Unknown,,,,,,,,AWAY
83,401866409,2026,1,2026-09-03 23:00:00,Buffalo,UAlbany,False,False,UB Stadium,0.6174687466595864,0.3825312533404136,Buffalo,0.6174687466595864,Moderate,2026-09-03 19:12:57 UTC,2026-09-03 23:00:00+00:00,-10.730842471944444,LOCKED,True,2026-09-03 19:13:06 UTC,Unknown,,,,,,,,HOME
87,401856776,2026,1,2026-09-04 00:00:00,Georgia Tech,Colorado,False,False,Bobby Dodd Stadium,0.982068358610343,0.0179316413896569,Georgia Tech,0.982068358610343,Very High,2026-09-03 19:12:57 UTC,2026-09-04 00:00:00+00:00,-9.730842471944444,LOCKED,True,2026-09-03 19:13:07 UTC,Unknown,,,,,,,,HOME
89,401856663,2026,1,2026-09-04 00:00:00,Missouri,Arkansas-Pine Bluff,False,False,Memorial Stadium,0.96250454832681,0.03749545167319,Missouri,0.96250454832681,Very High,2026-09-03 19:12:57 UTC,2026-09-04 00:00:00+00:00,-9.730842471944444,LOCKED,True,2026-09-03 19:13:08 UTC,Unknown,,,,,,,,HOME
88,401858422,2026,1,2026-09-04 00:00:00,Minnesota,Eastern Illinois,False,False,Huntington Bank Stadium,0.9241113057324074,0.0758886942675926,Minnesota,0.9241113057324074,Very High,2026-09-03 19:12:57 UTC,2026-09-04 00:00:00+00:00,-9.730842471944444,LOCKED,True,2026-09-03 19:13:09 UTC,Unknown,,,,,,,,HOME
91,401856768,2026,1,2026-09-04 01:00:00,Utah,Idaho,False,False,Rice-Eccles Stadium,0.995348515531305,0.004651484468695,Utah,0.995348515531305,Very High,2026-09-03 19:12:57 UTC,2026-09-04 01:00:00+00:00,-8.730842471944445,LOCKED,True,2026-09-03 19:13:10 UTC,Unknown,,,,,,,,HOME
90,401858424,2026,1,2026-09-04 01:00:00,Illinois,UAB,False,False,"Memorial Stadium (Champaign, IL)",0.8564186568045049,0.1435813431954951,Illinois,0.8564186568045049,Very High,2026-09-03 19:12:57 UTC,2026-09-04 01:00:00+00:00,-8.730842471944445,LOCKED,True,2026-09-03 19:13:10 UTC,Unknown,,,,,,,,HOME
92,401864495,2026,1,2026-09-04 22:30:00,Eastern Michigan,San José State,False,False,Rynearson Stadium,0.8961931583337083,0.10380684166629173,Eastern Michigan,0.8961931583337083,Very High,2026-09-04 09:43:51 UTC,2026-09-04 22:30:00+00:00,12.769157528055556,LOCKED,True,2026-09-04 09:43:51 UTC,Unknown,,,,,,,,HOME
95,401866623,2026,1,2026-09-04 23:00:00,Georgia State,North Carolina A&T,False,False,Center Parc Stadium,0.9280935545334902,0.07190644546650982,Georgia State,0.9280935545334902,Very High,2026-09-04 09:43:51 UTC,2026-09-04 23:00:00+00:00,13.269157528055556,LOCKED,True,2026-09-04 09:43:51 UTC,Unknown,,,,,,,,HOME
94,401858435,2026,1,2026-09-04 23:00:00,Purdue,Indiana State,False,False,Ross-Ade Stadium,0.36469461127284636,0.6353053887271536,Indiana State,0.6353053887271536,Moderate,2026-09-04 09:43:51 UTC,2026-09-04 23:00:00+00:00,13.269157528055556,LOCKED,True,2026-09-04 09:43:52 UTC,Unknown,,,,,,,,AWAY
98,401856769,2026,1,2026-09-05 00:00:00,Kansas,Long Island University,False,False,Memorial Stadium,0.07832671670482488,0.9216732832951751,Long Island University,0.9216732832951751,Very High,2026-09-04 09:43:51 UTC,2026-09-05 00:00:00+00:00,14.269157528055556,LOCKED,True,2026-09-04 09:43:53 UTC,Unknown,,,,,,,,AWAY
97,401858429,2026,1,2026-09-05 00:00:00,Michigan State,Toledo,False,False,Spartan Stadium,0.10011722560161865,0.8998827743983814,Toledo,0.8998827743983814,Very High,2026-09-04 09:43:51 UTC,2026-09-05 00:00:00+00:00,14.269157528055556,LOCKED,True,2026-09-04 09:43:53 UTC,Unknown,,,,,,,,AWAY
96,401856664,2026,1,2026-09-05 00:00:00,Oklahoma,UTEP,False,False,"Memorial Stadium (Norman, OK)",0.8993541667984548,0.10064583320154519,Oklahoma,0.8993541667984548,Very High,2026-09-04 09:43:51 UTC,2026-09-05 00:00:00+00:00,14.269157528055556,LOCKED,True,2026-09-04 09:43:54 UTC,Unknown,,,,,,,,HOME
99,401858206,2026,1,2026-09-05 01:00:00,Stanford,Miami,False,True,Stanford Stadium,0.020204186361558532,0.9797958136384415,Miami,0.9797958136384415,Very High,2026-09-04 09:43:51 UTC,2026-09-05 01:00:00+00:00,15.269157528055556,LOCKED,True,2026-09-04 09:43:55 UTC,Unknown,,,,,,,,AWAY
100,401858436,2026,1,2026-09-05 01:00:00,USC,Fresno State,False,False,Los Angeles Memorial Coliseum,0.9479247049149027,0.05207529508509734,USC,0.9479247049149027,Very High,2026-09-04 09:43:51 UTC,2026-09-05 01:00:00+00:00,15.269157528055556,LOCKED,True,2026-09-04 09:43:56 UTC,Unknown,,,,,,,,HOME
106,401858208,2026,1,2026-09-05 16:00:00,Syracuse,New Hampshire,False,False,JMA Wireless Dome,0.01479145091919302,0.985208549080807,New Hampshire,0.985208549080807,Very High,2026-09-04 09:43:51 UTC,2026-09-05 16:00:00+00:00,30.269157528055555,FORECAST,,,,,,,,,,,
107,401856778,2026,1,2026-09-05 16:00:00,Houston,Oregon State,False,False,TDECU Stadium,0.9781003165476057,0.021899683452394347,Houston,0.9781003165476057,Very High,2026-09-04 09:43:51 UTC,2026-09-05 16:00:00+00:00,30.269157528055555,FORECAST,,,,,,,,,,,
115,401869960,2026,1,2026-09-05 16:00:00,James Madison,Liberty,False,False,Bridgeforth Stadium,0.9773476877692271,0.02265231223077291,James Madison,0.9773476877692271,Very High,2026-09-04 09:43:51 UTC,2026-09-05 16:00:00+00:00,30.269157528055555,FORECAST,,,,,,,,,,,
108,401862701,2026,1,2026-09-05 16:00:00,Army,Bryant,False,False,Michie Stadium,0.9169946517243345,0.08300534827566552,Army,0.9169946517243345,Very High,2026-09-04 09:43:51 UTC,2026-09-05 16:00:00+00:00,30.269157528055555,FORECAST,,,,,,,,,,,
114,401858430,2026,1,2026-09-05 16:00:00,Nebraska,Ohio,False,False,"Memorial Stadium (Lincoln, NE)",0.14879684365137968,0.8512031563486203,Ohio,0.8512031563486203,Very High,2026-09-04 09:43:51 UTC,2026-09-05 16:00:00+00:00,30.269157528055555,FORECAST,,,,,,,,,,,
110,401856634,2026,1,2026-09-05 16:00:00,Alabama,East Carolina,False,False,Bryant-Denny Stadium,0.22762365896578177,0.7723763410342183,East Carolina,0.7723763410342183,High,2026-09-04 09:43:51 UTC,2026-09-05 16:00:00+00:00,30.269157528055555,FORECAST,,,,,,,,,,,
113,401858425,2026,1,2026-09-05 16:00:00,Indiana,North Texas,False,False,"Memorial Stadium (Bloomington, IN)",0.7534119359230379,0.2465880640769621,Indiana,0.7534119359230379,High,2026-09-04 09:43:51 UTC,2026-09-05 16:00:00+00:00,30.269157528055555,FORECAST,,,,,,,,,,,
112,401856780,2026,1,2026-09-05 16:00:00,West Virginia,Coastal Carolina,False,False,Milan Puskar Stadium,0.5752077426701309,0.42479225732986914,West Virginia,0.5752077426701309,Low,2026-09-04 09:43:51 UTC,2026-09-05 16:00:00+00:00,30.269157528055555,FORECAST,,,,,,,,,,,
116,401866410,2026,1,2026-09-05 16:00:00,Bowling Green,Tarleton State,False,False,Doyt L. Perry Stadium,0.539503442239599,0.460496557760401,Bowling Green,0.539503442239599,Low,2026-09-04 09:43:51 UTC,2026-09-05 16:00:00+00:00,30.269157528055555,FORECAST,,,,,,,,,,,
109,401861962,2026,1,2026-09-05 16:00:00,UConn,Lafayette,False,False,Pratt & Whitney Stadium,0.5315644252578954,0.4684355747421046,UConn,0.5315644252578954,Low,2026-09-04 09:43:51 UTC,2026-09-05 16:00:00+00:00,30.269157528055555,FORECAST,,,,,,,,,,,
118,401858432,2026,1,2026-09-05 16:30:00,Ohio State,Ball State,False,False,Ohio Stadium,0.9915878518655691,0.008412148134430919,Ohio State,0.9915878518655691,Very High,2026-09-04 09:43:51 UTC,2026-09-05 16:30:00+00:00,30.769157528055555,FORECAST,,,,,,,,,,,
111,401858207,2026,1,2026-09-05 16:30:00,Pittsburgh,Miami (OH),False,False,Acrisure Stadium,0.6076842868882952,0.39231571311170477,Pittsburgh,0.6076842868882952,Moderate,2026-09-04 09:43:51 UTC,2026-09-05 16:30:00+00:00,30.769157528055555,FORECAST,,,,,,,,,,,
119,401856665,2026,1,2026-09-05 16:45:00,South Carolina,Kent State,False,False,Williams-Brice Stadium,0.7562241647943571,0.24377583520564294,South Carolina,0.7562241647943571,High,2026-09-04 09:43:51 UTC,2026-09-05 16:45:00+00:00,31.019157528055555,FORECAST,,,,,,,,,,,
120,401856779,2026,1,2026-09-05 17:00:00,Iowa State,Southeast Missouri State,False,False,Jack Trice Stadium,0.9835425419266999,0.016457458073300124,Iowa State,0.9835425419266999,Very High,2026-09-04 09:43:51 UTC,2026-09-05 17:00:00+00:00,31.269157528055555,FORECAST,,,,,,,,,,,
124,401856659,2026,1,2026-09-05 17:00:00,Kentucky,Youngstown State,False,False,Kroger Field,0.19414362331402468,0.8058563766859753,Youngstown State,0.8058563766859753,Very High,2026-09-04 09:43:51 UTC,2026-09-05 17:00:00+00:00,31.269157528055555,FORECAST,,,,,,,,,,,
121,401864496,2026,1,2026-09-05 17:00:00,Air Force,Duquesne,False,False,Falcon Stadium,0.37428444192217014,0.6257155580778299,Duquesne,0.6257155580778299,Moderate,2026-09-04 09:43:51 UTC,2026-09-05 17:00:00+00:00,31.269157528055555,FORECAST,,,,,,,,,,,
127,401862698,2026,1,2026-09-05 18:00:00,Temple,Rhode Island,False,False,Lincoln Financial Field,0.07411370279233652,0.9258862972076635,Rhode Island,0.9258862972076635,Very High,2026-09-04 09:43:51 UTC,2026-09-05 18:00:00+00:00,32.26915752805556,FORECAST,,,,,,,,,,,
130,401856658,2026,1,2026-09-05 19:00:00,Georgia,Tennessee State,False,False,Sanford Stadium,0.9876007876117234,0.01239921238827657,Georgia,0.9876007876117234,Very High,2026-09-04 09:43:51 UTC,2026-09-05 19:00:00+00:00,33.26915752805556,FORECAST,,,,,,,,,,,
136,401864499,2026,1,2026-09-05 19:30:00,North Dakota State,Fordham,False,False,Fargodome,0.9965795427164519,0.0034204572835481173,North Dakota State,0.9965795427164519,Very High,2026-09-04 09:43:51 UTC,2026-09-05 19:30:00+00:00,33.76915752805556,FORECAST,,,,,,,,,,,
140,401856636,2026,1,2026-09-05 19:30:00,Auburn,Baylor,True,False,Mercedes-Benz Stadium,0.9892010540298212,0.01079894597017883,Auburn,0.9892010540298212,Very High,2026-09-04 09:43:51 UTC,2026-09-05 19:30:00+00:00,33.76915752805556,FORECAST,,,,,,,,,,,
134,401858433,2026,1,2026-09-05 19:30:00,Oregon,Boise State,False,False,Autzen Stadium,0.9275207792246557,0.0724792207753443,Oregon,0.9275207792246557,Very High,2026-09-04 09:43:51 UTC,2026-09-05 19:30:00+00:00,33.76915752805556,FORECAST,,,,,,,,,,,
135,401858209,2026,1,2026-09-05 19:30:00,Duke,Tulane,False,False,Wallace Wade Stadium,0.07815092334571241,0.9218490766542876,Tulane,0.9218490766542876,Very High,2026-09-04 09:43:51 UTC,2026-09-05 19:30:00+00:00,33.76915752805556,FORECAST,,,,,,,,,,,
137,401856666,2026,1,2026-09-05 19:30:00,Tennessee,Furman,False,False,Neyland Stadium,0.8959972165643336,0.10400278343566638,Tennessee,0.8959972165643336,Very High,2026-09-04 09:43:51 UTC,2026-09-05 19:30:00+00:00,33.76915752805556,FORECAST,,,,,,,,,,,
143,401856667,2026,1,2026-09-05 19:30:00,Texas,Texas State,False,False,DKR-Texas Memorial Stadium,0.13623922811414615,0.8637607718858539,Texas State,0.8637607718858539,Very High,2026-09-04 09:43:51 UTC,2026-09-05 19:30:00+00:00,33.76915752805556,FORECAST,,,,,,,,,,,
139,401862694,2026,1,2026-09-05 19:30:00,Charlotte,The Citadel,False,False,Jerry Richardson Stadium,0.17539377740243942,0.8246062225975606,The Citadel,0.8246062225975606,Very High,2026-09-04 09:43:51 UTC,2026-09-05 19:30:00+00:00,33.76915752805556,FORECAST,,,,,,,,,,,
131,401858434,2026,1,2026-09-05 19:30:00,Penn State,Marshall,False,False,Beaver Stadium,0.8128284293321145,0.18717157066788548,Penn State,0.8128284293321145,Very High,2026-09-04 09:43:51 UTC,2026-09-05 19:30:00+00:00,33.76915752805556,FORECAST,,,,,,,,,,,
142,401856777,2026,1,2026-09-05 19:30:00,Cincinnati,Boston College,False,False,Nippert Stadium,0.2700887740725815,0.7299112259274185,Boston College,0.7299112259274185,High,2026-09-04 09:43:51 UTC,2026-09-05 19:30:00+00:00,33.76915752805556,FORECAST,,,,,,,,,,,
133,401866627,2026,1,2026-09-05 19:30:00,App State,Maine,False,False,Kidd Brewer Stadium,0.27842670131806274,0.7215732986819372,Maine,0.7215732986819372,High,2026-09-04 09:43:51 UTC,2026-09-05 19:30:00+00:00,33.76915752805556,FORECAST,,,,,,,,,,,
138,401862700,2026,1,2026-09-05 19:30:00,UTSA,UT Rio Grande Valley,False,False,Alamodome,0.6964318853874908,0.3035681146125092,UTSA,0.6964318853874908,Moderate,2026-09-04 09:43:51 UTC,2026-09-05 19:30:00+00:00,33.76915752805556,FORECAST,,,,,,,,,,,
141,401862696,2026,1,2026-09-05 19:30:00,Navy,Towson,False,False,Navy-Marine Corps Memorial Stadium,0.672148772128837,0.32785122787116305,Navy,0.672148772128837,Moderate,2026-09-04 09:43:51 UTC,2026-09-05 19:30:00+00:00,33.76915752805556,FORECAST,,,,,,,,,,,
144,401856772,2026,1,2026-09-05 19:45:00,Tulsa,Oklahoma State,False,False,Chapman Stadium,0.9812725482220962,0.018727451777903803,Tulsa,0.9812725482220962,Very High,2026-09-04 09:43:51 UTC,2026-09-05 19:45:00+00:00,34.01915752805556,FORECAST,,,,,,,,,,,
146,401858426,2026,1,2026-09-05 20:15:00,Iowa,Northern Illinois,False,False,Kinnick Stadium,0.9719319503238946,0.028068049676105433,Iowa,0.9719319503238946,Very High,2026-09-04 09:43:51 UTC,2026-09-05 20:15:00+00:00,34.51915752805556,FORECAST,,,,,,,,,,,
147,401856635,2026,1,2026-09-05 20:15:00,Arkansas,North Alabama,False,False,Razorback Stadium,0.7569606679660631,0.2430393320339369,Arkansas,0.7569606679660631,High,2026-09-04 09:43:51 UTC,2026-09-05 20:15:00+00:00,34.51915752805556,FORECAST,,,,,,,,,,,
148,401868356,2026,1,2026-09-05 21:00:00,Southern Miss,Alcorn State,False,False,M. M. Roberts Stadium,0.09642208225970857,0.9035779177402914,Alcorn State,0.9035779177402914,Very High,2026-09-04 09:43:51 UTC,2026-09-05 21:00:00+00:00,35.26915752805556,FORECAST,,,,,,,,,,,
156,401867973,2026,1,2026-09-05 22:00:00,Old Dominion,Norfolk State,False,False,S.B. Ballard Stadium,0.9779476637643721,0.022052336235627856,Old Dominion,0.9779476637643721,Very High,2026-09-04 09:43:51 UTC,2026-09-05 22:00:00+00:00,36.26915752805556,FORECAST,,,,,,,,,,,
149,401860878,2026,1,2026-09-05 22:00:00,Colorado State,Wyoming,False,False,Canvas Stadium,0.46332659305203666,0.5366734069479633,Wyoming,0.5366734069479633,Low,2026-09-04 09:43:51 UTC,2026-09-05 22:00:00+00:00,36.26915752805556,FORECAST,,,,,,,,,,,
162,401856668,2026,1,2026-09-05 23:00:00,Texas A&M,Missouri State,False,False,Kyle Field,0.9562038024455001,0.04379619755449993,Texas A&M,0.9562038024455001,Very High,2026-09-04 09:43:51 UTC,2026-09-05 23:00:00+00:00,37.26915752805555,FORECAST,,,,,,,,,,,
171,401862699,2026,1,2026-09-05 23:00:00,South Florida,Florida International,False,False,Raymond James Stadium,0.9496351747389487,0.05036482526105135,South Florida,0.9496351747389487,Very High,2026-09-04 09:43:51 UTC,2026-09-05 23:00:00+00:00,37.26915752805555,FORECAST,,,,,,,,,,,
173,401868140,2026,1,2026-09-05 23:00:00,Jacksonville State,Eastern Kentucky,False,False,AmFirst Stadium,0.9114928885784005,0.0885071114215995,Jacksonville State,0.9114928885784005,Very High,2026-09-04 09:43:51 UTC,2026-09-05 23:00:00+00:00,37.26915752805555,FORECAST,,,,,,,,,,,
165,401867866,2026,1,2026-09-05 23:00:00,Middle Tennessee,Murray State,False,False,"Johnny ""Red"" Floyd Stadium",0.888168078745453,0.111831921254547,Middle Tennessee,0.888168078745453,Very High,2026-09-04 09:43:51 UTC,2026-09-05 23:00:00+00:00,37.26915752805555,FORECAST,,,,,,,,,,,
166,401856771,2026,1,2026-09-05 23:00:00,Kansas State,Nicholls,False,False,Bill Snyder Family Stadium,0.8496434662535159,0.15035653374648406,Kansas State,0.8496434662535159,Very High,2026-09-04 09:43:51 UTC,2026-09-05 23:00:00+00:00,37.26915752805555,FORECAST,,,,,,,,,,,
177,401856669,2026,1,2026-09-05 23:00:00,Vanderbilt,Austin Peay,False,False,FirstBank Stadium,0.816878518734359,0.18312148126564098,Vanderbilt,0.816878518734359,Very High,2026-09-04 09:43:51 UTC,2026-09-05 23:00:00+00:00,37.26915752805555,FORECAST,,,,,,,,,,,
180,401860880,2026,1,2026-09-05 23:00:00,Utah State,Idaho State,False,False,Maverik Stadium,0.18832527229784413,0.8116747277021559,Idaho State,0.8116747277021559,Very High,2026-09-04 09:43:51 UTC,2026-09-05 23:00:00+00:00,37.26915752805555,FORECAST,,,,,,,,,,,
164,401870763,2026,1,2026-09-05 23:00:00,Troy,Sam Houston,False,False,Veterans Memorial Stadium (AL),0.8100815338606517,0.18991846613934826,Troy,0.8100815338606517,Very High,2026-09-04 09:43:51 UTC,2026-09-05 23:00:00+00:00,37.26915752805555,FORECAST,,,,,,,,,,,
170,401862697,2026,1,2026-09-05 23:00:00,Rice,Houston Christian,False,False,Rice Stadium,0.763520598511021,0.23647940148897895,Rice,0.763520598511021,High,2026-09-04 09:43:51 UTC,2026-09-05 23:00:00+00:00,37.26915752805555,FORECAST,,,,,,,,,,,
175,401868170,2026,1,2026-09-05 23:00:00,Georgia Southern,Charleston Southern,False,False,Allen E. Paulson Stadium,0.7405961049162512,0.25940389508374884,Georgia Southern,0.7405961049162512,High,2026-09-04 09:43:51 UTC,2026-09-05 23:00:00+00:00,37.26915752805555,FORECAST,,,,,,,,,,,
179,401856770,2026,1,2026-09-05 23:00:00,Texas Tech,Abilene Christian,False,False,Jones AT&T Stadium,0.6902314239015901,0.3097685760984099,Texas Tech,0.6902314239015901,Moderate,2026-09-04 09:43:51 UTC,2026-09-05 23:00:00+00:00,37.26915752805555,FORECAST,,,,,,,,,,,
178,401862695,2026,1,2026-09-05 23:00:00,Memphis,Arkansas State,False,False,Simmons Bank Liberty Stadium,0.4650124794460351,0.5349875205539649,Arkansas State,0.5349875205539649,Low,2026-09-04 09:43:51 UTC,2026-09-05 23:00:00+00:00,37.26915752805555,FORECAST,,,,,,,,,,,
163,401868316,2026,1,2026-09-05 23:00:00,South Alabama,SE Louisiana,False,False,Hancock Whitney Stadium,0.4733576335291851,0.5266423664708149,SE Louisiana,0.5266423664708149,Low,2026-09-04 09:43:51 UTC,2026-09-05 23:00:00+00:00,37.26915752805555,FORECAST,,,,,,,,,,,
183,401869129,2026,1,2026-09-05 23:30:00,Louisiana Tech,Northwestern State,False,False,Joe Aillet Stadium,0.9947029121950192,0.005297087804980838,Louisiana Tech,0.9947029121950192,Very High,2026-09-04 09:43:51 UTC,2026-09-05 23:30:00+00:00,37.76915752805555,FORECAST,,,,,,,,,,,
184,401858211,2026,1,2026-09-05 23:30:00,Virginia Tech,VMI,False,False,Lane Stadium,0.9710346142676561,0.028965385732343862,Virginia Tech,0.9710346142676561,Very High,2026-09-04 09:43:51 UTC,2026-09-05 23:30:00+00:00,37.76915752805555,FORECAST,,,,,,,,,,,
181,401856660,2026,1,2026-09-05 23:30:00,LSU,Clemson,False,False,Tiger Stadium (LA),0.2919169737144239,0.7080830262855762,Clemson,0.7080830262855762,High,2026-09-04 09:43:51 UTC,2026-09-05 23:30:00+00:00,37.76915752805555,FORECAST,,,,,,,,,,,
182,401858428,2026,1,2026-09-05 23:30:00,Michigan,Western Michigan,False,False,Michigan Stadium,0.6482481292202348,0.3517518707797652,Michigan,0.6482481292202348,Moderate,2026-09-04 09:43:51 UTC,2026-09-05 23:30:00+00:00,37.76915752805555,FORECAST,,,,,,,,,,,
185,401856662,2026,1,2026-09-05 23:30:00,Mississippi State,UL Monroe,False,False,Davis Wade Stadium,0.40085249328061956,0.5991475067193804,UL Monroe,0.5991475067193804,Low,2026-09-04 09:43:51 UTC,2026-09-05 23:30:00+00:00,37.76915752805555,FORECAST,,,,,,,,,,,
186,401856637,2026,1,2026-09-05 23:45:00,Florida,Florida Atlantic,False,False,Ben Hill Griffin Stadium,0.8250747949579432,0.17492520504205678,Florida,0.8250747949579432,Very High,2026-09-04 09:43:51 UTC,2026-09-05 23:45:00+00:00,38.01915752805555,FORECAST,,,,,,,,,,,
188,401869142,2026,1,2026-09-06 00:00:00,Louisiana,Lamar,False,False,Cajun Field,0.9225966835652355,0.0774033164347645,Louisiana,0.9225966835652355,Very High,2026-09-04 09:43:51 UTC,2026-09-06 00:00:00+00:00,38.26915752805555,FORECAST,,,,,,,,,,,
189,401856775,2026,1,2026-09-06 00:00:00,BYU,Utah Tech,False,False,LaVell Edwards Stadium,0.8923445685486666,0.10765543145133338,BYU,0.8923445685486666,Very High,2026-09-04 09:43:51 UTC,2026-09-06 00:00:00+00:00,38.26915752805555,FORECAST,,,,,,,,,,,
190,401858427,2026,1,2026-09-06 00:00:00,Maryland,Hampton,False,False,SECU Stadium,0.8338102399392727,0.16618976006072728,Maryland,0.8338102399392727,Very High,2026-09-04 09:43:51 UTC,2026-09-06 00:00:00+00:00,38.26915752805555,FORECAST,,,,,,,,,,,
194,401858431,2026,1,2026-09-06 00:00:00,Northwestern,South Dakota State,False,False,Lanny and Sharon Martin Stadium,0.7477620063586563,0.2522379936413437,Northwestern,0.7477620063586563,High,2026-09-04 09:43:51 UTC,2026-09-06 00:00:00+00:00,38.26915752805555,FORECAST,,,,,,,,,,,
196,401870790,2026,1,2026-09-06 01:00:00,New Mexico State,Mercyhurst,False,False,Aggie Memorial Stadium,0.18449383632491098,0.815506163675089,Mercyhurst,0.815506163675089,Very High,2026-09-04 09:43:51 UTC,2026-09-06 01:00:00+00:00,39.26915752805555,FORECAST,,,,,,,,,,,
198,401860879,2026,1,2026-09-06 01:30:00,San Diego State,Portland State,False,False,Snapdragon Stadium,0.9520036214748466,0.04799637852515337,San Diego State,0.9520036214748466,Very High,2026-09-04 09:43:51 UTC,2026-09-06 01:30:00+00:00,39.76915752805555,FORECAST,,,,,,,,,,,
199,401856773,2026,1,2026-09-06 01:30:00,Arizona,Northern Arizona,False,False,Arizona Stadium,0.909378624181089,0.09062137581891105,Arizona,0.909378624181089,Very High,2026-09-04 09:43:51 UTC,2026-09-06 01:30:00+00:00,39.76915752805555,FORECAST,,,,,,,,,,,
200,401866411,2026,1,2026-09-06 02:00:00,Sacramento State,Mississippi Valley State,False,False,Hornet Stadium,0.9941056544028714,0.005894345597128647,Sacramento State,0.9941056544028714,Very High,2026-09-04 09:43:51 UTC,2026-09-06 02:00:00+00:00,40.26915752805555,FORECAST,,,,,,,,,,,
197,401856774,2026,1,2026-09-06 02:00:00,Arizona State,Morgan State,False,False,Mountain America Stadium,0.973576183795765,0.02642381620423495,Arizona State,0.973576183795765,Very High,2026-09-04 09:43:51 UTC,2026-09-06 02:00:00+00:00,40.26915752805555,FORECAST,,,,,,,,,,,
202,401864498,2026,1,2026-09-06 02:00:00,New Mexico,Central Michigan,False,False,University Stadium (NM),0.7930991695452632,0.20690083045473684,New Mexico,0.7930991695452632,High,2026-09-04 09:43:51 UTC,2026-09-06 02:00:00+00:00,40.26915752805555,FORECAST,,,,,,,,,,,
203,401864497,2026,1,2026-09-06 02:00:00,Hawai'i,UNLV,False,True,Clarence T.C. Ching Athletics Complex,0.24675204648627289,0.7532479535137271,UNLV,0.7532479535137271,High,2026-09-04 09:43:51 UTC,2026-09-06 02:00:00+00:00,40.26915752805555,FORECAST,,,,,,,,,,,
204,401858210,2026,1,2026-09-06 02:30:00,California,UCLA,False,False,California Memorial Stadium,0.9401100095883995,0.05988999041160048,California,0.9401100095883995,Very High,2026-09-04 09:43:51 UTC,2026-09-06 02:30:00+00:00,40.76915752805555,FORECAST,,,,,,,,,,,
205,401864432,2026,1,2026-09-06 02:30:00,Nevada,Western Kentucky,False,False,Mackay Stadium,0.8422619539690768,0.15773804603092323,Nevada,0.8422619539690768,Very High,2026-09-04 09:43:51 UTC,2026-09-06 02:30:00+00:00,40.76915752805555,FORECAST,,,,,,,,,,,
208,401858437,2026,1,2026-09-06 20:00:00,Washington,Washington State,False,False,Husky Stadium,0.8892831426227861,0.11071685737721393,Washington,0.8892831426227861,Very High,2026-09-04 09:43:51 UTC,2026-09-06 20:00:00+00:00,58.26915752805555,FORECAST,,,,,,,,,,,
209,401858438,2026,1,2026-09-06 23:30:00,Notre Dame,Wisconsin,True,False,Lambeau Field,0.9926390832230252,0.007360916776974813,Notre Dame,0.9926390832230252,Very High,2026-09-04 09:43:51 UTC,2026-09-06 23:30:00+00:00,61.76915752805555,FORECAST,,,,,,,,,,,
210,401856661,2026,1,2026-09-06 23:30:00,Ole Miss,Louisville,True,False,Nissan Stadium,0.9196012268981207,0.08039877310187926,Ole Miss,0.9196012268981207,Very High,2026-09-04 09:43:51 UTC,2026-09-06 23:30:00+00:00,61.76915752805555,FORECAST,,,,,,,,,,,
211,401858212,2026,1,2026-09-07 23:30:00,Florida State,SMU,False,True,Doak Campbell Stadium,0.1973421654986144,0.8026578345013856,SMU,0.8026578345013856,Very High,2026-09-04 09:43:51 UTC,2026-09-07 23:30:00+00:00,85.76915752805556,FORECAST,,,,,,,,,,,
212,401858213,2026,2,2026-09-11 00:00:00,Miami,Florida A&M,False,False,Hard Rock Stadium,0.8944243816170201,0.10557561838297991,Miami,0.8944243816170201,Very High,2026-09-04 09:43:51 UTC,2026-09-11 00:00:00+00:00,158.26915752805556,FORECAST,,,,,,,,,,,
213,401858220,2026,2,2026-09-11 23:00:00,Virginia,Norfolk State,False,False,Scott Stadium,0.9647136922680967,0.03528630773190333,Virginia,0.9647136922680967,Very High,2026-09-04 09:43:51 UTC,2026-09-11 23:00:00+00:00,181.26915752805556,FORECAST,,,,,,,,,,,
214,401858222,2026,2,2026-09-11 23:00:00,NC State,Richmond,False,False,Carter-Finley Stadium,0.9192083358398998,0.0807916641601002,NC State,0.9192083358398998,Very High,2026-09-04 09:43:51 UTC,2026-09-11 23:00:00+00:00,181.26915752805556,FORECAST,,,,,,,,,,,
215,401858215,2026,2,2026-09-11 23:00:00,Louisville,Villanova,False,False,L&N Federal Credit Union Stadium,0.32414298172372047,0.6758570182762795,Villanova,0.6758570182762795,Moderate,2026-09-04 09:43:51 UTC,2026-09-11 23:00:00+00:00,181.26915752805556,FORECAST,,,,,,,,,,,
216,401858214,2026,2,2026-09-11 23:30:00,Boston College,Rutgers,False,False,"Alumni Stadium (Chestnut Hill, MA)",0.9663577254736385,0.03364227452636148,Boston College,0.9663577254736385,Very High,2026-09-04 09:43:51 UTC,2026-09-11 23:30:00+00:00,181.76915752805556,FORECAST,,,,,,,,,,,
217,401856678,2026,2,2026-09-12 00:00:00,Kansas,Missouri,False,False,Memorial Stadium,0.06782331237849945,0.9321766876215005,Missouri,0.9321766876215005,Very High,2026-09-04 09:43:51 UTC,2026-09-12 00:00:00+00:00,182.26915752805556,FORECAST,,,,,,,,,,,
238,401858439,2026,2,2026-09-12 16:00:00,Indiana,Howard,False,False,"Memorial Stadium (Bloomington, IN)",0.9953961071567301,0.004603892843269897,Indiana,0.9953961071567301,Very High,2026-09-04 09:43:51 UTC,2026-09-12 16:00:00+00:00,198.26915752805556,FORECAST,,,,,,,,,,,
235,401858224,2026,2,2026-09-12 16:00:00,Purdue,Wake Forest,False,False,Ross-Ade Stadium,0.033616210625149745,0.9663837893748503,Wake Forest,0.9663837893748503,Very High,2026-09-04 09:43:51 UTC,2026-09-12 16:00:00+00:00,198.26915752805556,FORECAST,,,,,,,,,,,
226,401866416,2026,2,2026-09-12 16:00:00,Kent State,Wofford,False,False,Dix Stadium,0.03519363317448147,0.9648063668255186,Wofford,0.9648063668255186,Very High,2026-09-04 09:43:51 UTC,2026-09-12 16:00:00+00:00,198.26915752805556,FORECAST,,,,,,,,,,,
228,401864571,2026,2,2026-09-12 16:00:00,East Carolina,App State,False,False,Dowdy-Ficklen Stadium,0.9511954296950269,0.048804570304973094,East Carolina,0.9511954296950269,Very High,2026-09-04 09:43:51 UTC,2026-09-12 16:00:00+00:00,198.26915752805556,FORECAST,,,,,,,,,,,
233,401858218,2026,2,2026-09-12 16:00:00,North Carolina,East Tennessee State,False,False,Kenan Stadium,0.05408331610994436,0.9459166838900557,East Tennessee State,0.9459166838900557,Very High,2026-09-04 09:43:51 UTC,2026-09-12 16:00:00+00:00,198.26915752805556,FORECAST,,,,,,,,,,,
229,401856683,2026,2,2026-09-12 16:00:00,Texas A&M,Arizona State,False,False,Kyle Field,0.9204921767819239,0.07950782321807615,Texas A&M,0.9204921767819239,Very High,2026-09-04 09:43:51 UTC,2026-09-12 16:00:00+00:00,198.26915752805556,FORECAST,,,,,,,,,,,
231,401858221,2026,2,2026-09-12 16:00:00,Virginia Tech,Old Dominion,False,False,Lane Stadium,0.1257451361686025,0.8742548638313975,Old Dominion,0.8742548638313975,Very High,2026-09-04 09:43:51 UTC,2026-09-12 16:00:00+00:00,198.26915752805556,FORECAST,,,,,,,,,,,
237,401856782,2026,2,2026-09-12 16:00:00,Oklahoma State,Oregon,False,False,Boone Pickens Stadium,0.1311426691326917,0.8688573308673083,Oregon,0.8688573308673083,Very High,2026-09-04 09:43:51 UTC,2026-09-12 16:00:00+00:00,198.26915752805556,FORECAST,,,,,,,,,,,
234,401858442,2026,2,2026-09-12 16:00:00,Temple,Penn State,False,False,Lincoln Financial Field,0.1571969829454726,0.8428030170545274,Penn State,0.8428030170545274,Very High,2026-09-04 09:43:51 UTC,2026-09-12 16:00:00+00:00,198.26915752805556,FORECAST,,,,,,,,,,,
227,401856679,2026,2,2026-09-12 16:00:00,Michigan,Oklahoma,False,False,Michigan Stadium,0.7774058264682137,0.22259417353178634,Michigan,0.7774058264682137,High,2026-09-04 09:43:51 UTC,2026-09-12 16:00:00+00:00,198.26915752805556,FORECAST,,,,,,,,,,,
239,401856781,2026,2,2026-09-12 16:00:00,Kansas State,Washington State,False,False,Bill Snyder Family Stadium,0.387920167845669,0.612079832154331,Washington State,0.612079832154331,Moderate,2026-09-04 09:43:51 UTC,2026-09-12 16:00:00+00:00,198.26915752805556,FORECAST,,,,,,,,,,,
230,401862702,2026,2,2026-09-12 16:00:00,Army,South Florida,False,True,Michie Stadium,0.5035159126338254,0.49648408736617455,Army,0.5035159126338254,Low,2026-09-04 09:43:51 UTC,2026-09-12 16:00:00+00:00,198.26915752805556,FORECAST,,,,,,,,,,,
241,401856673,2026,2,2026-09-12 16:45:00,Georgia,Western Kentucky,False,False,Sanford Stadium,0.9403005441265173,0.05969945587348269,Georgia,0.9403005441265173,Very High,2026-09-04 09:43:51 UTC,2026-09-12 16:45:00+00:00,199.01915752805556,FORECAST,,,,,,,,,,,
246,401856791,2026,2,2026-09-12 17:00:00,West Virginia,UT Martin,False,False,Milan Puskar Stadium,0.02048158612481286,0.9795184138751871,UT Martin,0.9795184138751871,Very High,2026-09-04 09:43:51 UTC,2026-09-12 17:00:00+00:00,199.26915752805556,FORECAST,,,,,,,,,,,
244,401866415,2026,2,2026-09-12 17:00:00,Central Michigan,Colgate,False,False,Kelly/Shorts Stadium,0.86069470338887,0.13930529661113,Central Michigan,0.86069470338887,Very High,2026-09-04 09:43:51 UTC,2026-09-12 17:00:00+00:00,199.26915752805556,FORECAST,,,,,,,,,,,
243,401866417,2026,2,2026-09-12 17:00:00,Miami (OH),Holy Cross,False,False,Yager Stadium,0.6604962417577833,0.3395037582422167,Miami (OH),0.6604962417577833,Moderate,2026-09-04 09:43:51 UTC,2026-09-12 17:00:00+00:00,199.26915752805556,FORECAST,,,,,,,,,,,
253,401866413,2026,2,2026-09-12 18:00:00,Ball State,Stony Brook,False,False,Scheumann Stadium,0.07216782856619726,0.9278321714338027,Stony Brook,0.9278321714338027,Very High,2026-09-04 09:43:51 UTC,2026-09-12 18:00:00+00:00,200.26915752805556,FORECAST,,,,,,,,,,,
265,401859184,2026,2,2026-09-12 19:30:00,Notre Dame,Rice,False,False,Notre Dame Stadium,0.9955134436249642,0.004486556375035811,Notre Dame,0.9955134436249642,Very High,2026-09-04 09:43:51 UTC,2026-09-12 19:30:00+00:00,201.76915752805556,FORECAST,,,,,,,,,,,
266,401867929,2026,2,2026-09-12 19:30:00,James Madison,Wagner,False,False,Bridgeforth Stadium,0.9927746365845579,0.00722536341544211,James Madison,0.9927746365845579,Very High,2026-09-04 09:43:51 UTC,2026-09-12 19:30:00+00:00,201.76915752805556,FORECAST,,,,,,,,,,,
268,401866420,2026,2,2026-09-12 19:30:00,Massachusetts,Sacred Heart,False,False,Warren McGuirk Alumni Stadium,0.014128948417715531,0.9858710515822845,Sacred Heart,0.9858710515822845,Very High,2026-09-04 09:43:51 UTC,2026-09-12 19:30:00+00:00,201.76915752805556,FORECAST,,,,,,,,,,,
270,401856810,2026,2,2026-09-12 19:30:00,BYU,Arizona,False,True,LaVell Edwards Stadium,0.05600640073140411,0.9439935992685959,Arizona,0.9439935992685959,Very High,2026-09-04 09:43:51 UTC,2026-09-12 19:30:00+00:00,201.76915752805556,FORECAST,,,,,,,,,,,
264,401858216,2026,2,2026-09-12 19:30:00,Syracuse,California,False,True,JMA Wireless Dome,0.06581401624100003,0.934185983759,California,0.934185983759,Very High,2026-09-04 09:43:51 UTC,2026-09-12 19:30:00+00:00,201.76915752805556,FORECAST,,,,,,,,,,,
262,401866412,2026,2,2026-09-12 19:30:00,Akron,Robert Morris,False,False,InfoCision Stadium,0.9177325426079249,0.08226745739207508,Akron,0.9177325426079249,Very High,2026-09-04 09:43:51 UTC,2026-09-12 19:30:00+00:00,201.76915752805556,FORECAST,,,,,,,,,,,
272,401858446,2026,2,2026-09-12 19:30:00,Washington,Utah State,False,False,Husky Stadium,0.9000601965292458,0.09993980347075415,Washington,0.9000601965292458,Very High,2026-09-04 09:43:51 UTC,2026-09-12 19:30:00+00:00,201.76915752805556,FORECAST,,,,,,,,,,,
267,401858444,2026,2,2026-09-12 19:30:00,UConn,Maryland,False,False,Pratt & Whitney Stadium,0.899727714849743,0.10027228515025699,UConn,0.899727714849743,Very High,2026-09-04 09:43:51 UTC,2026-09-12 19:30:00+00:00,201.76915752805556,FORECAST,,,,,,,,,,,
273,401860884,2026,2,2026-09-12 19:30:00,Texas State,UTSA,False,False,Bobcat Stadium (TX),0.8674926598805487,0.1325073401194513,Texas State,0.8674926598805487,Very High,2026-09-04 09:43:51 UTC,2026-09-12 19:30:00+00:00,201.76915752805556,FORECAST,,,,,,,,,,,
260,401866419,2026,2,2026-09-12 19:30:00,Toledo,Central Connecticut,False,False,Glass Bowl,0.8666706932329896,0.13332930676701038,Toledo,0.8666706932329896,Very High,2026-09-04 09:43:51 UTC,2026-09-12 19:30:00+00:00,201.76915752805556,FORECAST,,,,,,,,,,,
257,401862708,2026,2,2026-09-12 19:30:00,UAB,UL Monroe,False,False,Protective Stadium,0.8604731458326079,0.13952685416739208,UAB,0.8604731458326079,Very High,2026-09-04 09:43:51 UTC,2026-09-12 19:30:00+00:00,201.76915752805556,FORECAST,,,,,,,,,,,
259,401856677,2026,2,2026-09-12 19:30:00,Minnesota,Mississippi State,False,False,Huntington Bank Stadium,0.8271868351010172,0.1728131648989828,Minnesota,0.8271868351010172,Very High,2026-09-04 09:43:51 UTC,2026-09-12 19:30:00+00:00,201.76915752805556,FORECAST,,,,,,,,,,,
258,401856674,2026,2,2026-09-12 19:30:00,Kentucky,Alabama,False,True,Kroger Field,0.21619786807080307,0.7838021319291969,Alabama,0.7838021319291969,High,2026-09-04 09:43:51 UTC,2026-09-12 19:30:00+00:00,201.76915752805556,FORECAST,,,,,,,,,,,
261,401858217,2026,2,2026-09-12 19:30:00,Illinois,Duke,False,False,"Memorial Stadium (Champaign, IL)",0.6874487245866069,0.3125512754133931,Illinois,0.6874487245866069,Moderate,2026-09-04 09:43:51 UTC,2026-09-12 19:30:00+00:00,201.76915752805556,FORECAST,,,,,,,,,,,
269,401856785,2026,2,2026-09-12 19:30:00,Colorado,Weber State,False,False,Folsom Field,0.32258938991668396,0.677410610083316,Weber State,0.677410610083316,Moderate,2026-09-04 09:43:51 UTC,2026-09-12 19:30:00+00:00,201.76915752805556,FORECAST,,,,,,,,,,,
263,401858440,2026,2,2026-09-12 19:30:00,Michigan State,Eastern Michigan,False,False,Spartan Stadium,0.37630127155160875,0.6236987284483912,Eastern Michigan,0.6236987284483912,Moderate,2026-09-04 09:43:51 UTC,2026-09-12 19:30:00+00:00,201.76915752805556,FORECAST,,,,,,,,,,,
271,401856790,2026,2,2026-09-12 19:30:00,Pittsburgh,UCF,False,False,Acrisure Stadium,0.38921432189596306,0.6107856781040369,UCF,0.6107856781040369,Moderate,2026-09-04 09:43:51 UTC,2026-09-12 19:30:00+00:00,201.76915752805556,FORECAST,,,,,,,,,,,
274,401862705,2026,2,2026-09-12 19:45:00,North Texas,UNLV,False,False,DATCU Stadium,0.9141314781713545,0.08586852182864546,North Texas,0.9141314781713545,Very High,2026-09-04 09:43:51 UTC,2026-09-12 19:45:00+00:00,202.01915752805556,FORECAST,,,,,,,,,,,
278,401868326,2026,2,2026-09-12 20:00:00,Troy,Alabama State,False,False,Veterans Memorial Stadium (AL),0.07853763992622928,0.9214623600737707,Alabama State,0.9214623600737707,Very High,2026-09-04 09:43:51 UTC,2026-09-12 20:00:00+00:00,202.26915752805556,FORECAST,,,,,,,,,,,
277,401858223,2026,2,2026-09-12 20:00:00,SMU,UC Davis,False,False,Gerald J. Ford Stadium,0.8666666848049966,0.13333331519500335,SMU,0.8666666848049966,Very High,2026-09-04 09:43:51 UTC,2026-09-12 20:00:00+00:00,202.26915752805556,FORECAST,,,,,,,,,,,
221,401865252,2026,2,2026-09-12 20:00:00,New Mexico,Mercyhurst,False,False,University Stadium (NM),0.8101325126732576,0.1898674873267424,New Mexico,0.8101325126732576,Very High,2026-09-04 09:43:51 UTC,2026-09-12 20:00:00+00:00,202.26915752805556,FORECAST,,,,,,,,,,,
279,401864506,2026,2,2026-09-12 20:00:00,Wyoming,Northern Colorado,False,False,War Memorial Stadium,0.44527010138940265,0.5547298986105973,Northern Colorado,0.5547298986105973,Low,2026-09-04 09:43:51 UTC,2026-09-12 20:00:00+00:00,202.26915752805556,FORECAST,,,,,,,,,,,
280,401856684,2026,2,2026-09-12 20:15:00,Vanderbilt,Delaware,False,False,FirstBank Stadium,0.9567454569693408,0.04325454303065923,Vanderbilt,0.9567454569693408,Very High,2026-09-04 09:43:51 UTC,2026-09-12 20:15:00+00:00,202.51915752805556,FORECAST,,,,,,,,,,,
283,401856672,2026,2,2026-09-12 21:30:00,Florida,Campbell,False,False,Ben Hill Griffin Stadium,0.5654694903329897,0.43453050966701035,Florida,0.5654694903329897,Low,2026-09-04 09:43:51 UTC,2026-09-12 21:30:00+00:00,203.76915752805556,FORECAST,,,,,,,,,,,
293,401866414,2026,2,2026-09-12 22:00:00,Florida International,Buffalo,False,False,Pitbull Stadium,0.9941360744434705,0.005863925556529481,Florida International,0.9941360744434705,Very High,2026-09-04 09:43:51 UTC,2026-09-12 22:00:00+00:00,204.26915752805556,FORECAST,,,,,,,,,,,
288,401866418,2026,2,2026-09-12 22:00:00,Ohio,Jacksonville State,False,False,Peden Stadium,0.878537671974333,0.12146232802566703,Ohio,0.878537671974333,Very High,2026-09-04 09:43:51 UTC,2026-09-12 22:00:00+00:00,204.26915752805556,FORECAST,,,,,,,,,,,
292,401868187,2026,2,2026-09-12 22:00:00,Liberty,Gardner-Webb,False,False,Williams Stadium (VA),0.2250957836875152,0.7749042163124849,Gardner-Webb,0.7749042163124849,High,2026-09-04 09:43:51 UTC,2026-09-12 22:00:00+00:00,204.26915752805556,FORECAST,,,,,,,,,,,
285,401860881,2026,2,2026-09-12 22:00:00,Boise State,Memphis,False,False,Albertsons Stadium,0.478773967577992,0.5212260324220079,Memphis,0.5212260324220079,Low,2026-09-04 09:43:51 UTC,2026-09-12 22:00:00+00:00,204.26915752805556,FORECAST,,,,,,,,,,,
298,401866421,2026,2,2026-09-12 22:30:00,Western Michigan,Monmouth,False,False,Waldo Stadium,0.7018396134671437,0.29816038653285626,Western Michigan,0.7018396134671437,High,2026-09-04 09:43:51 UTC,2026-09-12 22:30:00+00:00,204.76915752805556,FORECAST,,,,,,,,,,,
323,401860882,2026,2,2026-09-12 23:00:00,Colorado State,Southern Utah,False,False,Canvas Stadium,0.01135843903517075,0.9886415609648292,Southern Utah,0.9886415609648292,Very High,2026-09-04 09:43:51 UTC,2026-09-12 23:00:00+00:00,205.26915752805556,FORECAST,,,,,,,,,,,
317,401856786,2026,2,2026-09-12 23:00:00,Cincinnati,Western Carolina,False,False,Nippert Stadium,0.06858455471340462,0.9314154452865954,Western Carolina,0.9314154452865954,Very High,2026-09-04 09:43:51 UTC,2026-09-12 23:00:00+00:00,205.26915752805556,FORECAST,,,,,,,,,,,
325,401856787,2026,2,2026-09-12 23:00:00,Houston,Southern,False,False,TDECU Stadium,0.9249614443614643,0.07503855563853568,Houston,0.9249614443614643,Very High,2026-09-04 09:43:51 UTC,2026-09-12 23:00:00+00:00,205.26915752805556,FORECAST,,,,,,,,,,,
313,401862707,2026,2,2026-09-12 23:00:00,Sam Houston,Tulsa,False,False,Elliott T. Bowers Stadium,0.07798676939408125,0.9220132306059188,Tulsa,0.9220132306059188,Very High,2026-09-04 09:43:51 UTC,2026-09-12 23:00:00+00:00,205.26915752805556,FORECAST,,,,,,,,,,,
303,401864575,2026,2,2026-09-12 23:00:00,Tulane,South Alabama,False,False,Yulman Stadium,0.8364813628475428,0.16351863715245718,Tulane,0.8364813628475428,Very High,2026-09-04 09:43:51 UTC,2026-09-12 23:00:00+00:00,205.26915752805556,FORECAST,,,,,,,,,,,
305,401871045,2026,2,2026-09-12 23:00:00,Marshall,Middle Tennessee,False,False,Joan C. Edwards Stadium,0.8147197082466541,0.18528029175334593,Marshall,0.8147197082466541,Very High,2026-09-04 09:43:51 UTC,2026-09-12 23:00:00+00:00,205.26915752805556,FORECAST,,,,,,,,,,,
319,401869955,2026,2,2026-09-12 23:00:00,Kennesaw State,Georgia State,False,False,Fifth Third Stadium,0.813425328126078,0.18657467187392196,Kennesaw State,0.813425328126078,Very High,2026-09-04 09:43:51 UTC,2026-09-12 23:00:00+00:00,205.26915752805556,FORECAST,,,,,,,,,,,
315,401864503,2026,2,2026-09-12 23:00:00,Northern Illinois,Illinois State,False,False,Huskie Stadium,0.2864316296916749,0.7135683703083251,Illinois State,0.7135683703083251,High,2026-09-04 09:43:51 UTC,2026-09-12 23:00:00+00:00,205.26915752805556,FORECAST,,,,,,,,,,,
320,401868241,2026,2,2026-09-12 23:00:00,Arkansas State,West Georgia,False,False,Centennial Bank Stadium,0.6473398344707585,0.3526601655292415,Arkansas State,0.6473398344707585,Moderate,2026-09-04 09:43:51 UTC,2026-09-12 23:00:00+00:00,205.26915752805556,FORECAST,,,,,,,,,,,
304,401856680,2026,2,2026-09-12 23:00:00,South Carolina,Towson,False,False,Williams-Brice Stadium,0.4017881908485467,0.5982118091514532,Towson,0.5982118091514532,Low,2026-09-04 09:43:51 UTC,2026-09-12 23:00:00+00:00,205.26915752805556,FORECAST,,,,,,,,,,,
311,401871046,2026,2,2026-09-12 23:00:00,Missouri State,Lindenwood,False,False,Plaster Sports Complex,0.5885214605015826,0.4114785394984174,Missouri State,0.5885214605015826,Low,2026-09-04 09:43:51 UTC,2026-09-12 23:00:00+00:00,205.26915752805556,FORECAST,,,,,,,,,,,
318,401858441,2026,2,2026-09-12 23:00:00,Nebraska,Bowling Green,False,False,"Memorial Stadium (Lincoln, NE)",0.4194930088521366,0.5805069911478634,Bowling Green,0.5805069911478634,Low,2026-09-04 09:43:51 UTC,2026-09-12 23:00:00+00:00,205.26915752805556,FORECAST,,,,,,,,,,,
310,401856681,2026,2,2026-09-12 23:00:00,Georgia Tech,Tennessee,False,False,Bobby Dodd Stadium,0.48034200368612295,0.519657996313877,Tennessee,0.519657996313877,Low,2026-09-04 09:43:51 UTC,2026-09-12 23:00:00+00:00,205.26915752805556,FORECAST,,,,,,,,,,,
327,401858443,2026,2,2026-09-12 23:15:00,UCLA,San Diego State,False,False,Rose Bowl,0.037881131517160015,0.96211886848284,San Diego State,0.96211886848284,Very High,2026-09-04 09:43:51 UTC,2026-09-12 23:15:00+00:00,205.51915752805556,FORECAST,,,,,,,,,,,
326,401858447,2026,2,2026-09-12 23:15:00,Wisconsin,Western Illinois,False,False,Camp Randall Stadium,0.44364494242017544,0.5563550575798246,Western Illinois,0.5563550575798246,Low,2026-09-04 09:43:51 UTC,2026-09-12 23:15:00+00:00,205.51915752805556,FORECAST,,,,,,,,,,,
333,401856783,2026,2,2026-09-12 23:30:00,Oregon State,Texas Tech,False,False,Reser Stadium,0.10879353856786712,0.8912064614321329,Texas Tech,0.8912064614321329,Very High,2026-09-04 09:43:51 UTC,2026-09-12 23:30:00+00:00,205.76915752805556,FORECAST,,,,,,,,,,,
332,401856682,2026,2,2026-09-12 23:30:00,Texas,Ohio State,False,False,DKR-Texas Memorial Stadium,0.12873620305791447,0.8712637969420856,Ohio State,0.8712637969420856,Very High,2026-09-04 09:43:51 UTC,2026-09-12 23:30:00+00:00,205.76915752805556,FORECAST,,,,,,,,,,,
334,401858219,2026,2,2026-09-12 23:30:00,Clemson,Georgia Southern,False,False,"Memorial Stadium (Clemson, SC)",0.8593193885761071,0.14068061142389288,Clemson,0.8593193885761071,Very High,2026-09-04 09:43:51 UTC,2026-09-12 23:30:00+00:00,205.76915752805556,FORECAST,,,,,,,,,,,
328,401856788,2026,2,2026-09-12 23:30:00,Iowa,Iowa State,False,False,Kinnick Stadium,0.8388759807724162,0.1611240192275838,Iowa,0.8388759807724162,Very High,2026-09-04 09:43:51 UTC,2026-09-12 23:30:00+00:00,205.76915752805556,FORECAST,,,,,,,,,,,
330,401862703,2026,2,2026-09-12 23:30:00,Florida Atlantic,Navy,False,True,FAU Stadium,0.23998462044124624,0.7600153795587538,Navy,0.7600153795587538,High,2026-09-04 09:43:51 UTC,2026-09-12 23:30:00+00:00,205.76915752805556,FORECAST,,,,,,,,,,,
329,401868008,2026,2,2026-09-12 23:30:00,Coastal Carolina,Fordham,False,False,Brooks Stadium (SC),0.6947952846211758,0.3052047153788242,Coastal Carolina,0.6947952846211758,Moderate,2026-09-04 09:43:51 UTC,2026-09-12 23:30:00+00:00,205.76915752805556,FORECAST,,,,,,,,,,,
331,401867796,2026,2,2026-09-12 23:30:00,LSU,Louisiana Tech,False,False,Tiger Stadium (LA),0.3981422992331174,0.6018577007668826,Louisiana Tech,0.6018577007668826,Moderate,2026-09-04 09:43:51 UTC,2026-09-12 23:30:00+00:00,205.76915752805556,FORECAST,,,,,,,,,,,
335,401856676,2026,2,2026-09-12 23:45:00,Ole Miss,Charlotte,False,False,Vaught-Hemingway Stadium,0.9937314312164507,0.006268568783549311,Ole Miss,0.9937314312164507,Very High,2026-09-04 09:43:51 UTC,2026-09-12 23:45:00+00:00,206.01915752805556,FORECAST,,,,,,,,,,,
218,401856671,2026,2,2026-09-12 23:45:00,Auburn,Southern Miss,False,False,Jordan-Hare Stadium,0.9474095821869426,0.0525904178130574,Auburn,0.9474095821869426,Very High,2026-09-04 09:43:51 UTC,2026-09-12 23:45:00+00:00,206.01915752805556,FORECAST,,,,,,,,,,,
337,401856789,2026,2,2026-09-13 00:00:00,TCU,Grambling,False,False,Amon G. Carter Stadium,0.8776759011786841,0.1223240988213159,TCU,0.8776759011786841,Very High,2026-09-04 09:43:51 UTC,2026-09-13 00:00:00+00:00,206.26915752805556,FORECAST,,,,,,,,,,,
338,401856784,2026,2,2026-09-13 00:00:00,Baylor,Prairie View A&M,False,False,McLane Stadium,0.15398279341228177,0.8460172065877183,Prairie View A&M,0.8460172065877183,Very High,2026-09-04 09:43:51 UTC,2026-09-13 00:00:00+00:00,206.26915752805556,FORECAST,,,,,,,,,,,
339,401864505,2026,2,2026-09-13 01:00:00,UTEP,Texas Southern,False,False,Sun Bowl,0.06747398040368333,0.9325260195963166,Texas Southern,0.9325260195963166,Very High,2026-09-04 09:43:51 UTC,2026-09-13 01:00:00+00:00,207.26915752805556,FORECAST,,,,,,,,,,,
222,401864504,2026,2,2026-09-13 01:00:00,San José State,Cal Poly,False,False,CEFCU Stadium,0.39207257746690527,0.6079274225330947,Cal Poly,0.6079274225330947,Moderate,2026-09-04 09:43:51 UTC,2026-09-13 01:00:00+00:00,207.26915752805556,FORECAST,,,,,,,,,,,
340,401864502,2026,2,2026-09-13 02:00:00,Air Force,North Dakota State,False,True,Falcon Stadium,0.7206510643949837,0.2793489356050163,Air Force,0.7206510643949837,High,2026-09-04 09:43:51 UTC,2026-09-13 02:00:00+00:00,208.26915752805556,FORECAST,,,,,,,,,,,
342,401856670,2026,2,2026-09-13 02:15:00,Utah,Arkansas,False,False,Rice-Eccles Stadium,0.9923405444699304,0.0076594555300696365,Utah,0.9923405444699304,Very High,2026-09-04 09:43:51 UTC,2026-09-13 02:15:00+00:00,208.51915752805556,FORECAST,,,,,,,,,,,
344,401864500,2026,2,2026-09-13 02:30:00,Nevada,Montana State,False,False,Mackay Stadium,0.08411013564116117,0.9158898643588388,Montana State,0.9158898643588388,Very High,2026-09-04 09:43:51 UTC,2026-09-13 02:30:00+00:00,208.76915752805556,FORECAST,,,,,,,,,,,
343,401860883,2026,2,2026-09-13 02:30:00,Fresno State,Sacramento State,False,False,Valley Children's Stadium,0.611928030807261,0.388071969192739,Fresno State,0.611928030807261,Moderate,2026-09-04 09:43:51 UTC,2026-09-13 02:30:00+00:00,208.76915752805556,FORECAST,,,,,,,,,,,
345,401858445,2026,2,2026-09-13 03:00:00,USC,Louisiana,False,False,Los Angeles Memorial Coliseum,0.7239026775717178,0.2760973224282822,USC,0.7239026775717178,High,2026-09-04 09:43:51 UTC,2026-09-13 03:00:00+00:00,209.26915752805556,FORECAST,,,,,,,,,,,
220,401864578,2026,2,2026-09-13 03:59:00,Hawai'i,New Mexico State,False,False,Clarence T.C. Ching Athletics Complex,0.9528815684816986,0.04711843151830142,Hawai'i,0.9528815684816986,Very High,2026-09-04 09:43:51 UTC,2026-09-13 03:59:00+00:00,210.2524908613889,FORECAST,,,,,,,,,,,
346,401858225,2026,3,2026-09-17 23:30:00,Pittsburgh,Syracuse,False,True,Acrisure Stadium,0.8824045184594836,0.11759548154051636,Pittsburgh,0.8824045184594836,Very High,2026-09-04 09:43:51 UTC,2026-09-17 23:30:00+00:00,325.7691575280556,FORECAST,,,,,,,,,,,
347,401858226,2026,3,2026-09-18 23:30:00,Wake Forest,Miami,False,True,Allegacy Federal Credit Union Stadium,0.04104610597030851,0.9589538940296914,Miami,0.9589538940296914,Very High,2026-09-04 09:43:51 UTC,2026-09-18 23:30:00+00:00,349.7691575280556,FORECAST,,,,,,,,,,,
348,401856811,2026,3,2026-09-19 00:00:00,Texas Tech,Houston,False,True,Jones AT&T Stadium,0.7213794597932764,0.27862054020672355,Texas Tech,0.7213794597932764,High,2026-09-04 09:43:51 UTC,2026-09-19 00:00:00+00:00,350.2691575280556,FORECAST,,,,,,,,,,,
349,401858455,2026,3,2026-09-19 02:30:00,Oregon,Portland State,False,False,Autzen Stadium,0.9937296264039591,0.006270373596040879,Oregon,0.9937296264039591,Very High,2026-09-04 09:43:51 UTC,2026-09-19 02:30:00+00:00,352.7691575280556,FORECAST,,,,,,,,,,,
354,401869940,2026,3,2026-09-19 15:30:00,Delaware,Coastal Carolina,False,False,Delaware Stadium,0.8755594935370552,0.1244405064629448,Delaware,0.8755594935370552,Very High,2026-09-04 09:43:51 UTC,2026-09-19 15:30:00+00:00,365.7691575280556,FORECAST,,,,,,,,,,,
365,401858229,2026,3,2026-09-19 16:00:00,Clemson,North Carolina,False,True,"Memorial Stadium (Clemson, SC)",0.9903485269822329,0.009651473017767143,Clemson,0.9903485269822329,Very High,2026-09-04 09:43:51 UTC,2026-09-19 16:00:00+00:00,366.2691575280556,FORECAST,,,,,,,,,,,
360,401858456,2026,3,2026-09-19 16:00:00,Penn State,Buffalo,False,False,Beaver Stadium,0.9845149402998175,0.015485059700182546,Penn State,0.9845149402998175,Very High,2026-09-04 09:43:51 UTC,2026-09-19 16:00:00+00:00,366.2691575280556,FORECAST,,,,,,,,,,,
361,401858454,2026,3,2026-09-19 16:00:00,Ohio State,Kent State,False,False,Ohio Stadium,0.9745583608844277,0.02544163911557229,Ohio State,0.9745583608844277,Very High,2026-09-04 09:43:51 UTC,2026-09-19 16:00:00+00:00,366.2691575280556,FORECAST,,,,,,,,,,,
364,401856812,2026,3,2026-09-19 16:00:00,Kansas,Arizona State,True,True,Wembley Stadium,0.029105438539999022,0.970894561460001,Arizona State,0.970894561460001,Very High,2026-09-04 09:43:51 UTC,2026-09-19 16:00:00+00:00,366.2691575280556,FORECAST,,,,,,,,,,,
362,401856798,2026,3,2026-09-19 16:00:00,Iowa State,Bowling Green,False,False,Jack Trice Stadium,0.9494999588788362,0.0505000411211638,Iowa State,0.9494999588788362,Very High,2026-09-04 09:43:51 UTC,2026-09-19 16:00:00+00:00,366.2691575280556,FORECAST,,,,,,,,,,,
357,401856686,2026,3,2026-09-19 16:00:00,Arkansas,Georgia,False,True,Razorback Stadium,0.07076063395193205,0.929239366048068,Georgia,0.929239366048068,Very High,2026-09-04 09:43:51 UTC,2026-09-19 16:00:00+00:00,366.2691575280556,FORECAST,,,,,,,,,,,
366,401856792,2026,3,2026-09-19 16:00:00,Kansas State,Tulane,False,False,Bill Snyder Family Stadium,0.0926953254973514,0.9073046745026486,Tulane,0.9073046745026486,Very High,2026-09-04 09:43:51 UTC,2026-09-19 16:00:00+00:00,366.2691575280556,FORECAST,,,,,,,,,,,
363,401858228,2026,3,2026-09-19 16:00:00,Georgia Tech,Mercer,False,False,Bobby Dodd Stadium,0.7394008056897103,0.26059919431028966,Georgia Tech,0.7394008056897103,High,2026-09-04 09:43:51 UTC,2026-09-19 16:00:00+00:00,366.2691575280556,FORECAST,,,,,,,,,,,
356,401858451,2026,3,2026-09-19 16:00:00,Minnesota,Akron,False,False,Huntington Bank Stadium,0.59584677987207,0.40415322012793,Minnesota,0.59584677987207,Low,2026-09-04 09:43:51 UTC,2026-09-19 16:00:00+00:00,366.2691575280556,FORECAST,,,,,,,,,,,
470,401860889,2026,3,2026-09-19 16:00:00,Texas State,North Texas,False,False,Bobcat Stadium (TX),0.4804680599793975,0.5195319400206024,North Texas,0.5195319400206024,Low,2026-09-04 09:43:51 UTC,2026-09-19 16:00:00+00:00,366.2691575280556,FORECAST,,,,,,,,,,,
367,401858460,2026,3,2026-09-19 16:30:00,Wisconsin,Eastern Michigan,False,False,Camp Randall Stadium,0.4247204416434416,0.5752795583565584,Eastern Michigan,0.5752795583565584,Low,2026-09-04 09:43:51 UTC,2026-09-19 16:30:00+00:00,366.7691575280556,FORECAST,,,,,,,,,,,
368,401856689,2026,3,2026-09-19 16:45:00,Missouri,Troy,False,False,Memorial Stadium,0.9659093717812515,0.03409062821874853,Missouri,0.9659093717812515,Very High,2026-09-04 09:43:51 UTC,2026-09-19 16:45:00+00:00,367.0191575280556,FORECAST,,,,,,,,,,,
369,401856695,2026,3,2026-09-19 16:45:00,Vanderbilt,NC State,False,False,FirstBank Stadium,0.9372205653457794,0.06277943465422064,Vanderbilt,0.9372205653457794,Very High,2026-09-04 09:43:51 UTC,2026-09-19 16:45:00+00:00,367.0191575280556,FORECAST,,,,,,,,,,,
373,401864508,2026,3,2026-09-19 17:00:00,Central Michigan,Wyoming,False,False,Kelly/Shorts Stadium,0.9840887182355968,0.01591128176440315,Central Michigan,0.9840887182355968,Very High,2026-09-04 09:43:51 UTC,2026-09-19 17:00:00+00:00,367.2691575280556,FORECAST,,,,,,,,,,,
379,401858227,2026,3,2026-09-19 18:00:00,Boston College,Maine,False,False,"Alumni Stadium (Chestnut Hill, MA)",0.8475677262560734,0.15243227374392665,Boston College,0.8475677262560734,Very High,2026-09-04 09:43:51 UTC,2026-09-19 18:00:00+00:00,368.2691575280556,FORECAST,,,,,,,,,,,
382,401858448,2026,3,2026-09-19 18:00:00,Illinois,Southern Illinois,False,False,"Memorial Stadium (Champaign, IL)",0.28632436969277625,0.7136756303072238,Southern Illinois,0.7136756303072238,High,2026-09-04 09:43:51 UTC,2026-09-19 18:00:00+00:00,368.2691575280556,FORECAST,,,,,,,,,,,
386,401862774,2026,3,2026-09-19 19:00:00,Toledo,Temple,False,False,Glass Bowl,0.9717803560804565,0.028219643919543458,Toledo,0.9717803560804565,Very High,2026-09-04 09:43:51 UTC,2026-09-19 19:00:00+00:00,369.2691575280556,FORECAST,,,,,,,,,,,
390,401856694,2026,3,2026-09-19 19:30:00,Texas A&M,Kentucky,False,True,Kyle Field,0.9875961265145756,0.012403873485424377,Texas A&M,0.9875961265145756,Very High,2026-09-04 09:43:51 UTC,2026-09-19 19:30:00+00:00,369.7691575280556,FORECAST,,,,,,,,,,,
389,401858457,2026,3,2026-09-19 19:30:00,Rutgers,USC,False,True,SHI Stadium,0.020702375597460704,0.9792976244025393,USC,0.9792976244025393,Very High,2026-09-04 09:43:51 UTC,2026-09-19 19:30:00+00:00,369.7691575280556,FORECAST,,,,,,,,,,,
392,401866424,2026,3,2026-09-19 19:30:00,Massachusetts,Stonehill,False,False,Warren McGuirk Alumni Stadium,0.023352668195319545,0.9766473318046804,Stonehill,0.9766473318046804,Very High,2026-09-04 09:43:51 UTC,2026-09-19 19:30:00+00:00,369.7691575280556,FORECAST,,,,,,,,,,,
393,401856801,2026,3,2026-09-19 19:30:00,Utah,Utah State,False,False,Rice-Eccles Stadium,0.9454921653246443,0.05450783467535569,Utah,0.9454921653246443,Very High,2026-09-04 09:43:51 UTC,2026-09-19 19:30:00+00:00,369.7691575280556,FORECAST,,,,,,,,,,,
395,401858450,2026,3,2026-09-19 19:30:00,Michigan,UTEP,False,False,Michigan Stadium,0.9415867201563969,0.058413279843603116,Michigan,0.9415867201563969,Very High,2026-09-04 09:43:51 UTC,2026-09-19 19:30:00+00:00,369.7691575280556,FORECAST,,,,,,,,,,,
394,401858233,2026,3,2026-09-19 19:30:00,California,Wagner,False,False,California Memorial Stadium,0.7849861962132999,0.2150138037867001,California,0.7849861962132999,High,2026-09-04 09:43:51 UTC,2026-09-19 19:30:00+00:00,369.7691575280556,FORECAST,,,,,,,,,,,
396,401856685,2026,3,2026-09-19 19:30:00,Alabama,Florida State,False,False,Bryant-Denny Stadium,0.7201186036997376,0.27988139630026243,Alabama,0.7201186036997376,High,2026-09-04 09:43:51 UTC,2026-09-19 19:30:00+00:00,369.7691575280556,FORECAST,,,,,,,,,,,
397,401856797,2026,3,2026-09-19 19:30:00,Cincinnati,Miami (OH),False,False,TQL Stadium,0.3023401179965092,0.6976598820034908,Miami (OH),0.6976598820034908,Moderate,2026-09-04 09:43:51 UTC,2026-09-19 19:30:00+00:00,369.7691575280556,FORECAST,,,,,,,,,,,
391,401858230,2026,3,2026-09-19 19:30:00,Louisville,SMU,False,True,L&N Federal Credit Union Stadium,0.5820157252429584,0.4179842747570416,Louisville,0.5820157252429584,Low,2026-09-04 09:43:51 UTC,2026-09-19 19:30:00+00:00,369.7691575280556,FORECAST,,,,,,,,,,,
399,401860890,2026,3,2026-09-19 19:30:00,Washington State,Duquesne,False,False,Gesa Field,0.51220743893401,0.48779256106599,Washington State,0.51220743893401,Low,2026-09-04 09:43:51 UTC,2026-09-19 19:30:00+00:00,369.7691575280556,FORECAST,,,,,,,,,,,
405,401858449,2026,3,2026-09-19 20:00:00,Indiana,Western Kentucky,False,False,"Memorial Stadium (Bloomington, IN)",0.9973854589362674,0.0026145410637326005,Indiana,0.9973854589362674,Very High,2026-09-04 09:43:51 UTC,2026-09-19 20:00:00+00:00,370.2691575280556,FORECAST,,,,,,,,,,,
401,401866422,2026,3,2026-09-19 20:00:00,Liberty,Ball State,False,False,Williams Stadium (VA),0.9904562631526077,0.009543736847392292,Liberty,0.9904562631526077,Very High,2026-09-04 09:43:51 UTC,2026-09-19 20:00:00+00:00,370.2691575280556,FORECAST,,,,,,,,,,,
403,401867804,2026,3,2026-09-19 20:00:00,Baylor,Louisiana Tech,False,False,McLane Stadium,0.026675371331551914,0.973324628668448,Louisiana Tech,0.973324628668448,Very High,2026-09-04 09:43:51 UTC,2026-09-19 20:00:00+00:00,370.2691575280556,FORECAST,,,,,,,,,,,
406,401858231,2026,3,2026-09-19 20:00:00,Duke,Stanford,False,True,Wallace Wade Stadium,0.964313205490381,0.03568679450961898,Duke,0.964313205490381,Very High,2026-09-04 09:43:51 UTC,2026-09-19 20:00:00+00:00,370.2691575280556,FORECAST,,,,,,,,,,,
402,401858471,2026,3,2026-09-19 20:00:00,Iowa,Northern Iowa,False,False,Kinnick Stadium,0.9548019609581343,0.0451980390418657,Iowa,0.9548019609581343,Very High,2026-09-04 09:43:51 UTC,2026-09-19 20:00:00+00:00,370.2691575280556,FORECAST,,,,,,,,,,,
408,401856691,2026,3,2026-09-19 20:15:00,South Carolina,Mississippi State,False,True,Williams-Brice Stadium,0.9725802797044836,0.027419720295516425,South Carolina,0.9725802797044836,Very High,2026-09-04 09:43:51 UTC,2026-09-19 20:15:00+00:00,370.5191575280556,FORECAST,,,,,,,,,,,
409,401868317,2026,3,2026-09-19 20:30:00,UL Monroe,SE Louisiana,False,False,Malone Stadium,0.06710948254788308,0.9328905174521169,SE Louisiana,0.9328905174521169,Very High,2026-09-04 09:43:51 UTC,2026-09-19 20:30:00+00:00,370.7691575280556,FORECAST,,,,,,,,,,,
418,401864574,2026,3,2026-09-19 22:00:00,App State,Charlotte,False,False,Kidd Brewer Stadium,0.9726102050687151,0.027389794931284905,App State,0.9726102050687151,Very High,2026-09-04 09:43:51 UTC,2026-09-19 22:00:00+00:00,372.2691575280556,FORECAST,,,,,,,,,,,
413,401862771,2026,3,2026-09-19 22:00:00,Florida Atlantic,Florida International,False,False,FAU Stadium,0.05529266623661828,0.9447073337633817,Florida International,0.9447073337633817,Very High,2026-09-04 09:43:51 UTC,2026-09-19 22:00:00+00:00,372.2691575280556,FORECAST,,,,,,,,,,,
415,401862710,2026,3,2026-09-19 22:00:00,Old Dominion,East Carolina,False,False,S.B. Ballard Stadium,0.7484930327933573,0.2515069672066427,Old Dominion,0.7484930327933573,High,2026-09-04 09:43:51 UTC,2026-09-19 22:00:00+00:00,372.2691575280556,FORECAST,,,,,,,,,,,
422,401871047,2026,3,2026-09-19 22:30:00,Missouri State,Marshall,False,False,Plaster Sports Complex,0.16138883849688387,0.8386111615031161,Marshall,0.8386111615031161,Very High,2026-09-04 09:43:51 UTC,2026-09-19 22:30:00+00:00,372.7691575280556,FORECAST,,,,,,,,,,,
438,401862773,2026,3,2026-09-19 23:00:00,Rice,Western Michigan,False,False,Rice Stadium,0.04817371677865988,0.9518262832213401,Western Michigan,0.9518262832213401,Very High,2026-09-04 09:43:51 UTC,2026-09-19 23:00:00+00:00,373.2691575280556,FORECAST,,,,,,,,,,,
436,401861963,2026,3,2026-09-19 23:00:00,Southern Miss,UConn,False,False,M. M. Roberts Stadium,0.06553134623471198,0.934468653765288,UConn,0.934468653765288,Very High,2026-09-04 09:43:51 UTC,2026-09-19 23:00:00+00:00,373.2691575280556,FORECAST,,,,,,,,,,,
437,401870764,2026,3,2026-09-19 23:00:00,Sam Houston,Nicholls,False,False,Elliott T. Bowers Stadium,0.07872888703173872,0.9212711129682613,Nicholls,0.9212711129682613,Very High,2026-09-04 09:43:51 UTC,2026-09-19 23:00:00+00:00,373.2691575280556,FORECAST,,,,,,,,,,,
426,401862777,2026,3,2026-09-19 23:00:00,South Florida,Delaware State,False,False,Raymond James Stadium,0.9199102211872378,0.08008977881276225,South Florida,0.9199102211872378,Very High,2026-09-04 09:43:51 UTC,2026-09-19 23:00:00+00:00,373.2691575280556,FORECAST,,,,,,,,,,,
442,401856687,2026,3,2026-09-19 23:00:00,Auburn,Florida,False,True,Jordan-Hare Stadium,0.9190410221071034,0.08095897789289663,Auburn,0.9190410221071034,Very High,2026-09-04 09:43:51 UTC,2026-09-19 23:00:00+00:00,373.2691575280556,FORECAST,,,,,,,,,,,
440,401864443,2026,3,2026-09-19 23:00:00,Middle Tennessee,Nevada,False,False,"Johnny ""Red"" Floyd Stadium",0.9006311267082889,0.09936887329171107,Middle Tennessee,0.9006311267082889,Very High,2026-09-04 09:43:51 UTC,2026-09-19 23:00:00+00:00,373.2691575280556,FORECAST,,,,,,,,,,,
425,401869948,2026,3,2026-09-19 23:00:00,Jacksonville State,Georgia Southern,False,False,AmFirst Stadium,0.8866108785511511,0.11338912144884894,Jacksonville State,0.8866108785511511,Very High,2026-09-04 09:43:51 UTC,2026-09-19 23:00:00+00:00,373.2691575280556,FORECAST,,,,,,,,,,,
423,401862772,2026,3,2026-09-19 23:00:00,Memphis,UT Martin,False,False,Simmons Bank Liberty Stadium,0.17618599084667258,0.8238140091533275,UT Martin,0.8238140091533275,Very High,2026-09-04 09:43:51 UTC,2026-09-19 23:00:00+00:00,373.2691575280556,FORECAST,,,,,,,,,,,
441,401856800,2026,3,2026-09-19 23:00:00,UCF,Georgia State,False,False,FBC Mortgage Stadium,0.7601351566291379,0.2398648433708621,UCF,0.7601351566291379,High,2026-09-04 09:43:51 UTC,2026-09-19 23:00:00+00:00,373.2691575280556,FORECAST,,,,,,,,,,,
429,401866423,2026,3,2026-09-19 23:00:00,South Alabama,Ohio,False,False,Hancock Whitney Stadium,0.24408654568679314,0.7559134543132069,Ohio,0.7559134543132069,High,2026-09-04 09:43:51 UTC,2026-09-19 23:00:00+00:00,373.2691575280556,FORECAST,,,,,,,,,,,
435,401856803,2026,3,2026-09-19 23:00:00,Oklahoma State,Murray State,False,False,Boone Pickens Stadium,0.5986424524604504,0.40135754753954955,Oklahoma State,0.5986424524604504,Low,2026-09-04 09:43:51 UTC,2026-09-19 23:00:00+00:00,373.2691575280556,FORECAST,,,,,,,,,,,
448,401858459,2026,3,2026-09-19 23:15:00,Washington,Eastern Washington,False,False,Husky Stadium,0.9827112118970933,0.017288788102906683,Washington,0.9827112118970933,Very High,2026-09-04 09:43:51 UTC,2026-09-19 23:15:00+00:00,373.5191575280556,FORECAST,,,,,,,,,,,
447,401858452,2026,3,2026-09-19 23:15:00,Nebraska,North Dakota,False,False,"Memorial Stadium (Lincoln, NE)",0.3654577686737974,0.6345422313262026,North Dakota,0.6345422313262026,Moderate,2026-09-04 09:43:51 UTC,2026-09-19 23:15:00+00:00,373.5191575280556,FORECAST,,,,,,,,,,,
452,401856802,2026,3,2026-09-19 23:30:00,Virginia,West Virginia,True,False,Bank of America Stadium,0.9925917375413509,0.0074082624586491175,Virginia,0.9925917375413509,Very High,2026-09-04 09:43:51 UTC,2026-09-19 23:30:00+00:00,373.7691575280556,FORECAST,,,,,,,,,,,
454,401858453,2026,3,2026-09-19 23:30:00,Notre Dame,Michigan State,False,False,Notre Dame Stadium,0.9914821004948382,0.008517899505161797,Notre Dame,0.9914821004948382,Very High,2026-09-04 09:43:51 UTC,2026-09-19 23:30:00+00:00,373.7691575280556,FORECAST,,,,,,,,,,,
451,401856795,2026,3,2026-09-19 23:30:00,Colorado State,BYU,False,False,Canvas Stadium,0.022499893406213712,0.9775001065937863,BYU,0.9775001065937863,Very High,2026-09-04 09:43:51 UTC,2026-09-19 23:30:00+00:00,373.7691575280556,FORECAST,,,,,,,,,,,
453,401856688,2026,3,2026-09-19 23:30:00,Ole Miss,LSU,False,True,Vaught-Hemingway Stadium,0.9744795073338213,0.02552049266617873,Ole Miss,0.9744795073338213,Very High,2026-09-04 09:43:51 UTC,2026-09-19 23:30:00+00:00,373.7691575280556,FORECAST,,,,,,,,,,,
455,401856796,2026,3,2026-09-19 23:30:00,Northwestern,Colorado,False,False,Lanny and Sharon Martin Stadium,0.958195078679341,0.04180492132065905,Northwestern,0.958195078679341,Very High,2026-09-04 09:43:51 UTC,2026-09-19 23:30:00+00:00,373.7691575280556,FORECAST,,,,,,,,,,,
450,401856690,2026,3,2026-09-19 23:30:00,Oklahoma,New Mexico,False,False,"Memorial Stadium (Norman, OK)",0.5348708634095658,0.4651291365904342,Oklahoma,0.5348708634095658,Low,2026-09-04 09:43:51 UTC,2026-09-19 23:30:00+00:00,373.7691575280556,FORECAST,,,,,,,,,,,
449,401858232,2026,3,2026-09-19 23:30:00,Maryland,Virginia Tech,False,False,SECU Stadium,0.4742857157567406,0.5257142842432594,Virginia Tech,0.5257142842432594,Low,2026-09-04 09:43:51 UTC,2026-09-19 23:30:00+00:00,373.7691575280556,FORECAST,,,,,,,,,,,
456,401856692,2026,3,2026-09-19 23:45:00,Tennessee,Kennesaw State,False,False,Neyland Stadium,0.8974719212128314,0.10252807878716863,Tennessee,0.8974719212128314,Very High,2026-09-04 09:43:51 UTC,2026-09-19 23:45:00+00:00,374.0191575280556,FORECAST,,,,,,,,,,,
460,401862775,2026,3,2026-09-20 00:00:00,Tulsa,East Texas A&M,False,False,Chapman Stadium,0.9598869825302276,0.04011301746977236,Tulsa,0.9598869825302276,Very High,2026-09-04 09:43:51 UTC,2026-09-20 00:00:00+00:00,374.2691575280556,FORECAST,,,,,,,,,,,
464,401862776,2026,3,2026-09-20 00:00:00,Louisiana,UAB,False,False,Cajun Field,0.8776713480740337,0.12232865192596631,Louisiana,0.8776713480740337,Very High,2026-09-04 09:43:51 UTC,2026-09-20 00:00:00+00:00,374.2691575280556,FORECAST,,,,,,,,,,,
465,401856693,2026,3,2026-09-20 00:00:00,Texas,UTSA,False,False,DKR-Texas Memorial Stadium,0.15676785948781685,0.8432321405121832,UTSA,0.8432321405121832,Very High,2026-09-04 09:43:51 UTC,2026-09-20 00:00:00+00:00,374.2691575280556,FORECAST,,,,,,,,,,,
466,401856799,2026,3,2026-09-20 00:00:00,TCU,Arkansas State,False,False,Amon G. Carter Stadium,0.7467004716711514,0.2532995283288486,TCU,0.7467004716711514,High,2026-09-04 09:43:51 UTC,2026-09-20 00:00:00+00:00,374.2691575280556,FORECAST,,,,,,,,,,,
469,401860885,2026,3,2026-09-20 02:00:00,Boise State,South Dakota,False,False,Albertsons Stadium,0.23540538901843572,0.7645946109815642,South Dakota,0.7645946109815642,High,2026-09-04 09:43:51 UTC,2026-09-20 02:00:00+00:00,376.2691575280556,FORECAST,,,,,,,,,,,
467,401860887,2026,3,2026-09-20 02:00:00,San Diego State,James Madison,False,False,Snapdragon Stadium,0.29469927729986545,0.7053007227001346,James Madison,0.7053007227001346,High,2026-09-04 09:43:51 UTC,2026-09-20 02:00:00+00:00,376.2691575280556,FORECAST,,,,,,,,,,,
472,401856793,2026,3,2026-09-20 02:30:00,Arizona,Northern Illinois,False,False,Arizona Stadium,0.9564304480293261,0.043569551970673914,Arizona,0.9564304480293261,Very High,2026-09-04 09:43:51 UTC,2026-09-20 02:30:00+00:00,376.7691575280556,FORECAST,,,,,,,,,,,
471,401864507,2026,3,2026-09-20 02:30:00,Sacramento State,North Dakota State,False,False,Hornet Stadium,0.8816627139361883,0.11833728606381166,Sacramento State,0.8816627139361883,Very High,2026-09-04 09:43:51 UTC,2026-09-20 02:30:00+00:00,376.7691575280556,FORECAST,,,,,,,,,,,
475,401860888,2026,3,2026-09-20 03:00:00,San José State,Fresno State,False,False,CEFCU Stadium,0.06492106735241139,0.9350789326475886,Fresno State,0.9350789326475886,Very High,2026-09-04 09:43:51 UTC,2026-09-20 03:00:00+00:00,377.2691575280556,FORECAST,,,,,,,,,,,
473,401858458,2026,3,2026-09-20 03:00:00,UCLA,Purdue,False,True,Rose Bowl,0.771188523627935,0.228811476372065,UCLA,0.771188523627935,High,2026-09-04 09:43:51 UTC,2026-09-20 03:00:00+00:00,377.2691575280556,FORECAST,,,,,,,,,,,
474,401860886,2026,3,2026-09-20 03:00:00,Oregon State,Montana,False,False,Reser Stadium,0.5662046076707447,0.43379539232925535,Oregon State,0.5662046076707447,Low,2026-09-04 09:43:51 UTC,2026-09-20 03:00:00+00:00,377.2691575280556,FORECAST,,,,,,,,,,,
476,401869941,2026,4,2026-09-24 23:30:00,Coastal Carolina,Liberty,False,False,Brooks Stadium (SC),0.26086595363827897,0.7391340463617211,Liberty,0.7391340463617211,High,2026-09-04 09:43:51 UTC,2026-09-24 23:30:00+00:00,493.7691575280556,FORECAST,,,,,,,,,,,
477,401862779,2026,4,2026-09-25 20:00:00,Temple,Army,False,True,Lincoln Financial Field,0.2611510482170382,0.7388489517829617,Army,0.7388489517829617,High,2026-09-04 09:43:51 UTC,2026-09-25 20:00:00+00:00,514.2691575280555,FORECAST,,,,,,,,,,,
480,401862778,2026,4,2026-09-25 23:00:00,UAB,Navy,False,True,Protective Stadium,0.1523524724930087,0.8476475275069912,Navy,0.8476475275069912,Very High,2026-09-04 09:43:51 UTC,2026-09-25 23:00:00+00:00,517.2691575280555,FORECAST,,,,,,,,,,,
479,401858468,2026,4,2026-09-25 23:00:00,Rutgers,Howard,False,False,SHI Stadium,0.29167307698759054,0.7083269230124094,Howard,0.7083269230124094,High,2026-09-04 09:43:51 UTC,2026-09-25 23:00:00+00:00,517.2691575280555,FORECAST,,,,,,,,,,,
481,401858461,2026,4,2026-09-26 00:00:00,Indiana,Northwestern,False,True,"Memorial Stadium (Bloomington, IN)",0.9945514528723632,0.00544854712763676,Indiana,0.9945514528723632,Very High,2026-09-04 09:43:51 UTC,2026-09-26 00:00:00+00:00,518.2691575280555,FORECAST,,,,,,,,,,,
482,401858234,2026,4,2026-09-26 02:30:00,California,Clemson,False,True,California Memorial Stadium,0.06349062872958475,0.9365093712704152,Clemson,0.9365093712704152,Very High,2026-09-04 09:43:51 UTC,2026-09-26 02:30:00+00:00,520.7691575280555,FORECAST,,,,,,,,,,,
521,401866429,2026,4,2026-09-26 04:00:00,Sacramento State,Massachusetts,False,True,Hornet Stadium,0.997873917742841,0.0021260822571590454,Sacramento State,0.997873917742841,Very High,2026-09-04 09:43:51 UTC,2026-09-26 04:00:00+00:00,522.2691575280555,FORECAST,,,,,,,,,,,
523,401858466,2026,4,2026-09-26 04:00:00,Penn State,Wisconsin,False,True,Beaver Stadium,0.9937273344075203,0.0062726655924797425,Penn State,0.9937273344075203,Very High,2026-09-04 09:43:51 UTC,2026-09-26 04:00:00+00:00,522.2691575280555,FORECAST,,,,,,,,,,,
515,401860896,2026,4,2026-09-26 04:00:00,UTSA,Colorado State,False,False,Alamodome,0.9906875003831804,0.00931249961681957,UTSA,0.9906875003831804,Very High,2026-09-04 09:43:51 UTC,2026-09-26 04:00:00+00:00,522.2691575280555,FORECAST,,,,,,,,,,,
495,401858465,2026,4,2026-09-26 04:00:00,Ohio State,Illinois,False,True,Ohio Stadium,0.9780035002576842,0.021996499742315767,Ohio State,0.9780035002576842,Very High,2026-09-04 09:43:51 UTC,2026-09-26 04:00:00+00:00,522.2691575280555,FORECAST,,,,,,,,,,,
484,401864572,2026,4,2026-09-26 04:00:00,NC State,App State,False,False,Carter-Finley Stadium,0.9737636537285631,0.026236346271436894,NC State,0.9737636537285631,Very High,2026-09-04 09:43:51 UTC,2026-09-26 04:00:00+00:00,522.2691575280555,FORECAST,,,,,,,,,,,
512,401858470,2026,4,2026-09-26 04:00:00,Washington,Minnesota,False,True,Husky Stadium,0.9716663347157667,0.02833366528423331,Washington,0.9716663347157667,Very High,2026-09-04 09:43:51 UTC,2026-09-26 04:00:00+00:00,522.2691575280555,FORECAST,,,,,,,,,,,
511,401862780,2026,4,2026-09-26 04:00:00,Charlotte,Louisiana,False,False,Jerry Richardson Stadium,0.031175491423590537,0.9688245085764094,Louisiana,0.9688245085764094,Very High,2026-09-04 09:43:51 UTC,2026-09-26 04:00:00+00:00,522.2691575280555,FORECAST,,,,,,,,,,,
493,401860893,2026,4,2026-09-26 04:00:00,Toledo,San Diego State,False,False,Glass Bowl,0.962319769868334,0.03768023013166599,Toledo,0.962319769868334,Very High,2026-09-04 09:43:51 UTC,2026-09-26 04:00:00+00:00,522.2691575280555,FORECAST,,,,,,,,,,,
502,401858237,2026,4,2026-09-26 04:00:00,Florida State,Central Arkansas,False,False,Doak Campbell Stadium,0.9589506076647619,0.04104939233523808,Florida State,0.9589506076647619,Very High,2026-09-04 09:43:51 UTC,2026-09-26 04:00:00+00:00,522.2691575280555,FORECAST,,,,,,,,,,,
507,401858467,2026,4,2026-09-26 04:00:00,Purdue,Notre Dame,False,False,Ross-Ade Stadium,0.045800545403948276,0.9541994545960517,Notre Dame,0.9541994545960517,Very High,2026-09-04 09:43:51 UTC,2026-09-26 04:00:00+00:00,522.2691575280555,FORECAST,,,,,,,,,,,
527,401856881,2026,4,2026-09-26 04:00:00,West Virginia,Oklahoma State,False,True,Milan Puskar Stadium,0.057797893952529995,0.94220210604747,Oklahoma State,0.94220210604747,Very High,2026-09-04 09:43:51 UTC,2026-09-26 04:00:00+00:00,522.2691575280555,FORECAST,,,,,,,,,,,
489,401862784,2026,4,2026-09-26 04:00:00,Tulane,Southern Miss,False,False,Yulman Stadium,0.9386775418617249,0.06132245813827508,Tulane,0.9386775418617249,Very High,2026-09-04 09:43:51 UTC,2026-09-26 04:00:00+00:00,522.2691575280555,FORECAST,,,,,,,,,,,
519,401858241,2026,4,2026-09-26 04:00:00,SMU,Missouri State,False,False,Gerald J. Ford Stadium,0.9201625439317256,0.07983745606827441,SMU,0.9201625439317256,Very High,2026-09-04 09:43:51 UTC,2026-09-26 04:00:00+00:00,522.2691575280555,FORECAST,,,,,,,,,,,
501,401858239,2026,4,2026-09-26 04:00:00,Virginia,Delaware,False,False,Scott Stadium,0.9173464741350567,0.08265352586494334,Virginia,0.9173464741350567,Very High,2026-09-04 09:43:51 UTC,2026-09-26 04:00:00+00:00,522.2691575280555,FORECAST,,,,,,,,,,,
503,401856699,2026,4,2026-09-26 04:00:00,Florida,Ole Miss,False,True,Ben Hill Griffin Stadium,0.08284903516878117,0.9171509648312188,Ole Miss,0.9171509648312188,Very High,2026-09-04 09:43:51 UTC,2026-09-26 04:00:00+00:00,522.2691575280555,FORECAST,,,,,,,,,,,
528,401858242,2026,4,2026-09-26 04:00:00,Boston College,Virginia Tech,False,True,"Alumni Stadium (Chestnut Hill, MA)",0.9149446189401819,0.08505538105981814,Boston College,0.9149446189401819,Very High,2026-09-04 09:43:51 UTC,2026-09-26 04:00:00+00:00,522.2691575280555,FORECAST,,,,,,,,,,,
486,401856700,2026,4,2026-09-26 04:00:00,Georgia,Oklahoma,False,True,Sanford Stadium,0.9016413504097286,0.09835864959027141,Georgia,0.9016413504097286,Very High,2026-09-04 09:43:51 UTC,2026-09-26 04:00:00+00:00,522.2691575280555,FORECAST,,,,,,,,,,,
520,401862785,2026,4,2026-09-26 04:00:00,Bowling Green,South Florida,False,False,Doyt L. Perry Stadium,0.10296355608252139,0.8970364439174786,South Florida,0.8970364439174786,Very High,2026-09-04 09:43:51 UTC,2026-09-26 04:00:00+00:00,522.2691575280555,FORECAST,,,,,,,,,,,
508,401861970,2026,4,2026-09-26 04:00:00,Miami (OH),UConn,False,False,Yager Stadium,0.10632650867213839,0.8936734913278617,UConn,0.8936734913278617,Very High,2026-09-04 09:43:51 UTC,2026-09-26 04:00:00+00:00,522.2691575280555,FORECAST,,,,,,,,,,,
516,401858464,2026,4,2026-09-26 04:00:00,Michigan State,Nebraska,False,True,Spartan Stadium,0.8777958002470366,0.12220419975296337,Michigan State,0.8777958002470366,Very High,2026-09-04 09:43:51 UTC,2026-09-26 04:00:00+00:00,522.2691575280555,FORECAST,,,,,,,,,,,
517,401856815,2026,4,2026-09-26 04:00:00,UCF,TCU,False,True,FBC Mortgage Stadium,0.12612114989938836,0.8738788501006116,TCU,0.8738788501006116,Very High,2026-09-04 09:43:51 UTC,2026-09-26 04:00:00+00:00,522.2691575280555,FORECAST,,,,,,,,,,,
491,401866425,2026,4,2026-09-26 04:00:00,Kent State,Ball State,False,True,Dix Stadium,0.8653387797059464,0.13466122029405359,Kent State,0.8653387797059464,Very High,2026-09-04 09:43:51 UTC,2026-09-26 04:00:00+00:00,522.2691575280555,FORECAST,,,,,,,,,,,
506,401858243,2026,4,2026-09-26 04:00:00,Louisville,Wake Forest,False,True,L&N Federal Credit Union Stadium,0.8602345603923482,0.13976543960765175,Louisville,0.8602345603923482,Very High,2026-09-04 09:43:51 UTC,2026-09-26 04:00:00+00:00,522.2691575280555,FORECAST,,,,,,,,,,,
525,401856698,2026,4,2026-09-26 04:00:00,Auburn,Vanderbilt,False,True,Jordan-Hare Stadium,0.14009851894168932,0.8599014810583107,Vanderbilt,0.8599014810583107,Very High,2026-09-04 09:43:51 UTC,2026-09-26 04:00:00+00:00,522.2691575280555,FORECAST,,,,,,,,,,,
526,401856805,2026,4,2026-09-26 04:00:00,Texas Tech,Sam Houston,False,False,Jones AT&T Stadium,0.8501672172353368,0.14983278276466316,Texas Tech,0.8501672172353368,Very High,2026-09-04 09:43:51 UTC,2026-09-26 04:00:00+00:00,522.2691575280555,FORECAST,,,,,,,,,,,
492,401864509,2026,4,2026-09-26 04:00:00,Nevada,Air Force,False,True,Mackay Stadium,0.8494395251783692,0.15056047482163082,Nevada,0.8494395251783692,Very High,2026-09-04 09:43:51 UTC,2026-09-26 04:00:00+00:00,522.2691575280555,FORECAST,,,,,,,,,,,
505,401856703,2026,4,2026-09-26 04:00:00,Mississippi State,Missouri,False,True,Davis Wade Stadium,0.15278524560492818,0.8472147543950719,Missouri,0.8472147543950719,Very High,2026-09-04 09:43:51 UTC,2026-09-26 04:00:00+00:00,522.2691575280555,FORECAST,,,,,,,,,,,
522,401858469,2026,4,2026-09-26 04:00:00,USC,Oregon,False,True,Los Angeles Memorial Coliseum,0.15794253159507632,0.8420574684049237,Oregon,0.8420574684049237,Very High,2026-09-04 09:43:51 UTC,2026-09-26 04:00:00+00:00,522.2691575280555,FORECAST,,,,,,,,,,,
487,401858463,2026,4,2026-09-26 04:00:00,Michigan,Iowa,False,True,Michigan Stadium,0.7971795960159153,0.20282040398408474,Michigan,0.7971795960159153,High,2026-09-04 09:43:51 UTC,2026-09-26 04:00:00+00:00,522.2691575280555,FORECAST,,,,,,,,,,,
488,401860897,2026,4,2026-09-26 04:00:00,Western Michigan,Boise State,False,False,Waldo Stadium,0.7772648198558405,0.2227351801441595,Western Michigan,0.7772648198558405,High,2026-09-04 09:43:51 UTC,2026-09-26 04:00:00+00:00,522.2691575280555,FORECAST,,,,,,,,,,,
494,401864512,2026,4,2026-09-26 04:00:00,Akron,UNLV,False,False,InfoCision Stadium,0.22599718801332006,0.77400281198668,UNLV,0.77400281198668,High,2026-09-04 09:43:51 UTC,2026-09-26 04:00:00+00:00,522.2691575280555,FORECAST,,,,,,,,,,,
490,401856814,2026,4,2026-09-26 04:00:00,Cincinnati,Kansas State,False,True,Nippert Stadium,0.23392219882173884,0.7660778011782612,Kansas State,0.7660778011782612,High,2026-09-04 09:43:51 UTC,2026-09-26 04:00:00+00:00,522.2691575280555,FORECAST,,,,,,,,,,,
510,401856806,2026,4,2026-09-26 04:00:00,Georgia Southern,Houston,False,False,Allen E. Paulson Stadium,0.2576147052154322,0.7423852947845677,Houston,0.7423852947845677,High,2026-09-04 09:43:51 UTC,2026-09-26 04:00:00+00:00,522.2691575280555,FORECAST,,,,,,,,,,,
530,401856702,2026,4,2026-09-26 04:00:00,LSU,Texas A&M,False,True,Tiger Stadium (LA),0.2629825703755929,0.7370174296244071,Texas A&M,0.7370174296244071,High,2026-09-04 09:43:51 UTC,2026-09-26 04:00:00+00:00,522.2691575280555,FORECAST,,,,,,,,,,,
529,401856813,2026,4,2026-09-26 04:00:00,Baylor,Colorado,False,True,McLane Stadium,0.7032496594068012,0.2967503405931988,Baylor,0.7032496594068012,High,2026-09-04 09:43:51 UTC,2026-09-26 04:00:00+00:00,522.2691575280555,FORECAST,,,,,,,,,,,
483,401856816,2026,4,2026-09-26 04:00:00,Iowa State,Utah,False,True,Jack Trice Stadium,0.3114961056381886,0.6885038943618114,Utah,0.6885038943618114,Moderate,2026-09-04 09:43:51 UTC,2026-09-26 04:00:00+00:00,522.2691575280555,FORECAST,,,,,,,,,,,
485,401856696,2026,4,2026-09-26 04:00:00,Alabama,South Carolina,False,True,Bryant-Denny Stadium,0.3133663670181052,0.6866336329818947,South Carolina,0.6866336329818947,Moderate,2026-09-04 09:43:51 UTC,2026-09-26 04:00:00+00:00,522.2691575280555,FORECAST,,,,,,,,,,,
497,401858462,2026,4,2026-09-26 04:00:00,Maryland,UCLA,False,True,SECU Stadium,0.6376596477657802,0.3623403522342198,Maryland,0.6376596477657802,Moderate,2026-09-04 09:43:51 UTC,2026-09-26 04:00:00+00:00,522.2691575280555,FORECAST,,,,,,,,,,,
514,401862782,2026,4,2026-09-26 04:00:00,UL Monroe,Florida Atlantic,False,False,Malone Stadium,0.4442382299854482,0.5557617700145518,Florida Atlantic,0.5557617700145518,Low,2026-09-04 09:43:51 UTC,2026-09-26 04:00:00+00:00,522.2691575280555,FORECAST,,,,,,,,,,,
496,401864511,2026,4,2026-09-26 04:00:00,Georgia State,Northern Illinois,False,False,Center Parc Stadium,0.5220865373142816,0.47791346268571844,Georgia State,0.5220865373142816,Low,2026-09-04 09:43:51 UTC,2026-09-26 04:00:00+00:00,522.2691575280555,FORECAST,,,,,,,,,,,
509,401869961,2026,4,2026-09-26 04:00:00,Old Dominion,James Madison,False,True,S.B. Ballard Stadium,0.5040942779477658,0.49590572205223415,Old Dominion,0.5040942779477658,Low,2026-09-04 09:43:51 UTC,2026-09-26 04:00:00+00:00,522.2691575280555,FORECAST,,,,,,,,,,,
534,401858236,2026,4,2026-09-26 16:00:00,Pittsburgh,Bucknell,False,False,Acrisure Stadium,0.8570068634748791,0.1429931365251209,Pittsburgh,0.8570068634748791,Very High,2026-09-04 09:43:51 UTC,2026-09-26 16:00:00+00:00,534.2691575280555,FORECAST,,,,,,,,,,,
533,401856704,2026,4,2026-09-26 16:00:00,Tennessee,Texas,False,True,Neyland Stadium,0.8297399813648728,0.17026001863512719,Tennessee,0.8297399813648728,Very High,2026-09-04 09:43:51 UTC,2026-09-26 16:00:00+00:00,534.2691575280555,FORECAST,,,,,,,,,,,
538,401864576,2026,4,2026-09-26 16:45:00,Kentucky,South Alabama,False,False,Kroger Field,0.41188409666516285,0.5881159033348371,South Alabama,0.5881159033348371,Low,2026-09-04 09:43:51 UTC,2026-09-26 16:45:00+00:00,535.0191575280555,FORECAST,,,,,,,,,,,
540,401866427,2026,4,2026-09-26 17:00:00,Eastern Michigan,Lindenwood,False,False,Rynearson Stadium,0.5760629678992465,0.4239370321007535,Eastern Michigan,0.5760629678992465,Low,2026-09-04 09:43:51 UTC,2026-09-26 17:00:00+00:00,535.2691575280555,FORECAST,,,,,,,,,,,
554,401864510,2026,4,2026-09-26 19:00:00,Wyoming,Hawai'i,False,True,War Memorial Stadium,0.30734544376780154,0.6926545562321984,Hawai'i,0.6926545562321984,Moderate,2026-09-04 09:43:51 UTC,2026-09-26 19:00:00+00:00,537.2691575280555,FORECAST,,,,,,,,,,,
557,401866428,2026,4,2026-09-26 19:30:00,Ohio,Stonehill,False,False,Peden Stadium,0.9721389767043428,0.027861023295657206,Ohio,0.9721389767043428,Very High,2026-09-04 09:43:51 UTC,2026-09-26 19:30:00+00:00,537.7691575280555,FORECAST,,,,,,,,,,,
559,401864579,2026,4,2026-09-26 19:30:00,New Mexico State,New Mexico,False,False,Aggie Memorial Stadium,0.08312578210646471,0.9168742178935353,New Mexico,0.9168742178935353,Very High,2026-09-04 09:43:51 UTC,2026-09-26 19:30:00+00:00,537.7691575280555,FORECAST,,,,,,,,,,,
561,401858244,2026,4,2026-09-26 19:30:00,Duke,William & Mary,False,False,Wallace Wade Stadium,0.1620647575289811,0.8379352424710189,William & Mary,0.8379352424710189,Very High,2026-09-04 09:43:51 UTC,2026-09-26 19:30:00+00:00,537.7691575280555,FORECAST,,,,,,,,,,,
558,401866426,2026,4,2026-09-26 19:30:00,Buffalo,Robert Morris,False,False,UB Stadium,0.7947878975139583,0.20521210248604171,Buffalo,0.7947878975139583,High,2026-09-04 09:43:51 UTC,2026-09-26 19:30:00+00:00,537.7691575280555,FORECAST,,,,,,,,,,,
556,401868188,2026,4,2026-09-26 19:30:00,Marshall,Gardner-Webb,False,False,Joan C. Edwards Stadium,0.7260281481219358,0.27397185187806417,Marshall,0.7260281481219358,High,2026-09-04 09:43:51 UTC,2026-09-26 19:30:00+00:00,537.7691575280555,FORECAST,,,,,,,,,,,
563,401862781,2026,4,2026-09-26 20:00:00,East Carolina,North Carolina Central,False,False,Dowdy-Ficklen Stadium,0.8636383390823082,0.13636166091769175,East Carolina,0.8636383390823082,Very High,2026-09-04 09:43:51 UTC,2026-09-26 20:00:00+00:00,538.2691575280555,FORECAST,,,,,,,,,,,
572,401867909,2026,4,2026-09-26 22:00:00,Florida International,Long Island University,False,False,Pitbull Stadium,0.8736836916439298,0.12631630835607022,Florida International,0.8736836916439298,Very High,2026-09-04 09:43:51 UTC,2026-09-26 22:00:00+00:00,540.2691575280555,FORECAST,,,,,,,,,,,
571,401860892,2026,4,2026-09-26 22:00:00,Texas State,Incarnate Word,False,False,Bobcat Stadium (TX),0.6401672875562604,0.3598327124437396,Texas State,0.6401672875562604,Moderate,2026-09-04 09:43:51 UTC,2026-09-26 22:00:00+00:00,540.2691575280555,FORECAST,,,,,,,,,,,
575,401858238,2026,4,2026-09-26 22:30:00,Miami,Central Michigan,False,False,Hard Rock Stadium,0.9518624781303183,0.048137521869681676,Miami,0.9518624781303183,Very High,2026-09-04 09:43:51 UTC,2026-09-26 22:30:00+00:00,540.7691575280555,FORECAST,,,,,,,,,,,
586,401870745,2026,4,2026-09-26 23:00:00,Western Kentucky,Mercyhurst,False,False,Houchens Industries-L.T. Smith Stadium,0.8099535216861175,0.19004647831388255,Western Kentucky,0.8099535216861175,Very High,2026-09-04 09:43:51 UTC,2026-09-26 23:00:00+00:00,541.2691575280555,FORECAST,,,,,,,,,,,
577,401871048,2026,4,2026-09-26 23:00:00,Jacksonville State,Middle Tennessee,False,True,AmFirst Stadium,0.6789067255875731,0.32109327441242685,Jacksonville State,0.6789067255875731,Moderate,2026-09-04 09:43:51 UTC,2026-09-26 23:00:00+00:00,541.2691575280555,FORECAST,,,,,,,,,,,
498,401869931,2026,4,2026-09-26 23:00:00,Arkansas State,Kennesaw State,False,False,Centennial Bank Stadium,0.38937010842438957,0.6106298915756104,Kennesaw State,0.6106298915756104,Moderate,2026-09-04 09:43:51 UTC,2026-09-26 23:00:00+00:00,541.2691575280555,FORECAST,,,,,,,,,,,
589,401862783,2026,4,2026-09-26 23:30:00,North Texas,Houston Christian,False,False,DATCU Stadium,0.9938811443267519,0.0061188556732481025,North Texas,0.9938811443267519,Very High,2026-09-04 09:43:51 UTC,2026-09-26 23:30:00+00:00,541.7691575280555,FORECAST,,,,,,,,,,,
588,401860894,2026,4,2026-09-26 23:30:00,Utah State,Troy,False,False,Maverik Stadium,0.8928894461279527,0.10711055387204726,Utah State,0.8928894461279527,Very High,2026-09-04 09:43:51 UTC,2026-09-26 23:30:00+00:00,541.7691575280555,FORECAST,,,,,,,,,,,
590,401856804,2026,4,2026-09-26 23:30:00,Washington State,Arizona,False,False,Gesa Field,0.17179812271466088,0.8282018772853391,Arizona,0.8282018772853391,Very High,2026-09-04 09:43:51 UTC,2026-09-26 23:30:00+00:00,541.7691575280555,FORECAST,,,,,,,,,,,
593,401856697,2026,4,2026-09-27 00:00:00,Arkansas,Tulsa,False,False,Razorback Stadium,0.1202830394690321,0.8797169605309679,Tulsa,0.8797169605309679,Very High,2026-09-04 09:43:51 UTC,2026-09-27 00:00:00+00:00,542.2691575280555,FORECAST,,,,,,,,,,,
596,401860895,2026,4,2026-09-27 01:00:00,UTEP,Oregon State,False,False,Sun Bowl,0.735075877408951,0.264924122591049,UTEP,0.735075877408951,High,2026-09-04 09:43:51 UTC,2026-09-27 01:00:00+00:00,543.2691575280555,FORECAST,,,,,,,,,,,
597,401860891,2026,4,2026-09-27 02:00:00,Fresno State,Rice,False,False,Valley Children's Stadium,0.9743898056616082,0.025610194338391845,Fresno State,0.9743898056616082,Very High,2026-09-04 09:43:51 UTC,2026-09-27 02:00:00+00:00,544.2691575280555,FORECAST,,,,,,,,,,,
599,401858240,2026,4,2026-09-27 02:30:00,Stanford,Georgia Tech,False,True,Stanford Stadium,0.31643649790884176,0.6835635020911582,Georgia Tech,0.6835635020911582,Moderate,2026-09-04 09:43:51 UTC,2026-09-27 02:30:00+00:00,544.7691575280555,FORECAST,,,,,,,,,,,
601,401871049,2026,5,2026-10-02 00:00:00,New Mexico State,Western Kentucky,False,True,Aggie Memorial Stadium,0.19621745465617224,0.8037825453438278,Western Kentucky,0.8037825453438278,Very High,2026-09-04 09:43:51 UTC,2026-10-02 00:00:00+00:00,662.2691575280555,FORECAST,,,,,,,,,,,
602,401862786,2026,5,2026-10-02 01:00:00,Tulsa,North Texas,False,True,Chapman Stadium,0.292400841713618,0.707599158286382,North Texas,0.707599158286382,High,2026-09-04 09:43:51 UTC,2026-10-02 01:00:00+00:00,663.2691575280555,FORECAST,,,,,,,,,,,
603,401871050,2026,5,2026-10-02 23:00:00,Delaware,Liberty,False,True,Delaware Stadium,0.30126306453502993,0.6987369354649701,Liberty,0.6987369354649701,Moderate,2026-09-04 09:43:51 UTC,2026-10-02 23:00:00+00:00,685.2691575280555,FORECAST,,,,,,,,,,,
604,401858245,2026,5,2026-10-02 23:00:00,Virginia Tech,Pittsburgh,False,True,Lane Stadium,0.6046748774039151,0.3953251225960849,Virginia Tech,0.6046748774039151,Moderate,2026-09-04 09:43:51 UTC,2026-10-02 23:00:00+00:00,685.2691575280555,FORECAST,,,,,,,,,,,
605,401858476,2026,5,2026-10-03 00:00:00,Northwestern,Penn State,False,True,Ryan Field,0.31976712601241264,0.6802328739875874,Penn State,0.6802328739875874,Moderate,2026-09-04 09:43:51 UTC,2026-10-03 00:00:00+00:00,686.2691575280555,FORECAST,,,,,,,,,,,
643,401862792,2026,5,2026-10-03 04:00:00,South Florida,Temple,False,True,Raymond James Stadium,0.9974585396933419,0.0025414603066581387,South Florida,0.9974585396933419,Very High,2026-09-04 09:43:51 UTC,2026-10-03 04:00:00+00:00,690.2691575280555,FORECAST,,,,,,,,,,,
624,401856822,2026,5,2026-10-03 04:00:00,Iowa State,West Virginia,False,True,Jack Trice Stadium,0.9911911658958641,0.00880883410413591,Iowa State,0.9911911658958641,Very High,2026-09-04 09:43:51 UTC,2026-10-03 04:00:00+00:00,690.2691575280555,FORECAST,,,,,,,,,,,
629,401858251,2026,5,2026-10-03 04:00:00,Wake Forest,Stanford,False,True,Allegacy Federal Credit Union Stadium,0.9869102747500162,0.013089725249983752,Wake Forest,0.9869102747500162,Very High,2026-09-04 09:43:51 UTC,2026-10-03 04:00:00+00:00,690.2691575280555,FORECAST,,,,,,,,,,,
622,401869962,2026,5,2026-10-03 04:00:00,James Madison,Marshall,False,True,Bridgeforth Stadium,0.9846144115405003,0.015385588459499666,James Madison,0.9846144115405003,Very High,2026-09-04 09:43:51 UTC,2026-10-03 04:00:00+00:00,690.2691575280555,FORECAST,,,,,,,,,,,
607,401856821,2026,5,2026-10-03 04:00:00,Colorado,Texas Tech,False,True,Folsom Field,0.01709517076310873,0.9829048292368913,Texas Tech,0.9829048292368913,Very High,2026-09-04 09:43:51 UTC,2026-10-03 04:00:00+00:00,690.2691575280555,FORECAST,,,,,,,,,,,
632,401858246,2026,5,2026-10-03 04:00:00,SMU,Boston College,False,True,Gerald J. Ford Stadium,0.9802713567069364,0.019728643293063564,SMU,0.9802713567069364,Very High,2026-09-04 09:43:51 UTC,2026-10-03 04:00:00+00:00,690.2691575280555,FORECAST,,,,,,,,,,,
649,401856819,2026,5,2026-10-03 04:00:00,Houston,UCF,False,True,TDECU Stadium,0.9798424251779116,0.020157574822088353,Houston,0.9798424251779116,Very High,2026-09-04 09:43:51 UTC,2026-10-03 04:00:00+00:00,690.2691575280555,FORECAST,,,,,,,,,,,
613,401856711,2026,5,2026-10-03 04:00:00,Texas A&M,Arkansas,False,True,Kyle Field,0.9766228366013079,0.023377163398692113,Texas A&M,0.9766228366013079,Very High,2026-09-04 09:43:51 UTC,2026-10-03 04:00:00+00:00,690.2691575280555,FORECAST,,,,,,,,,,,
615,401856817,2026,5,2026-10-03 04:00:00,Arizona State,Baylor,False,True,Mountain America Stadium,0.9757845413304791,0.024215458669520906,Arizona State,0.9757845413304791,Very High,2026-09-04 09:43:51 UTC,2026-10-03 04:00:00+00:00,690.2691575280555,FORECAST,,,,,,,,,,,
635,401866433,2026,5,2026-10-03 04:00:00,Massachusetts,Eastern Michigan,False,True,Warren McGuirk Alumni Stadium,0.030052156374679815,0.9699478436253202,Eastern Michigan,0.9699478436253202,Very High,2026-09-04 09:43:51 UTC,2026-10-03 04:00:00+00:00,690.2691575280555,FORECAST,,,,,,,,,,,
633,401871089,2026,5,2026-10-03 04:00:00,South Alabama,UL Monroe,False,True,Hancock Whitney Stadium,0.9698360873120261,0.030163912687973915,South Alabama,0.9698360873120261,Very High,2026-09-04 09:43:51 UTC,2026-10-03 04:00:00+00:00,690.2691575280555,FORECAST,,,,,,,,,,,
630,401869956,2026,5,2026-10-03 04:00:00,Georgia State,Old Dominion,False,True,Center Parc Stadium,0.03833878393723115,0.9616612160627689,Old Dominion,0.9616612160627689,Very High,2026-09-04 09:43:51 UTC,2026-10-03 04:00:00+00:00,690.2691575280555,FORECAST,,,,,,,,,,,
639,401856709,2026,5,2026-10-03 04:00:00,South Carolina,Kentucky,False,True,Williams-Brice Stadium,0.956402643748008,0.043597356251992014,South Carolina,0.956402643748008,Very High,2026-09-04 09:43:51 UTC,2026-10-03 04:00:00+00:00,690.2691575280555,FORECAST,,,,,,,,,,,
642,401864514,2026,5,2026-10-03 04:00:00,New Mexico,UTEP,False,True,University Stadium (NM),0.9552433648886709,0.0447566351113291,New Mexico,0.9552433648886709,Very High,2026-09-04 09:43:51 UTC,2026-10-03 04:00:00+00:00,690.2691575280555,FORECAST,,,,,,,,,,,
640,401856707,2026,5,2026-10-03 04:00:00,Mississippi State,Alabama,False,True,Davis Wade Stadium,0.051691497393050276,0.9483085026069498,Alabama,0.9483085026069498,Very High,2026-09-04 09:43:51 UTC,2026-10-03 04:00:00+00:00,690.2691575280555,FORECAST,,,,,,,,,,,
651,401866477,2026,5,2026-10-03 04:00:00,Miami (OH),Bowling Green,False,True,Yager Stadium,0.9414693142540504,0.05853068574594955,Miami (OH),0.9414693142540504,Very High,2026-09-04 09:43:51 UTC,2026-10-03 04:00:00+00:00,690.2691575280555,FORECAST,,,,,,,,,,,
638,401866431,2026,5,2026-10-03 04:00:00,Ball State,Toledo,False,True,Scheumann Stadium,0.058695022218524184,0.9413049777814758,Toledo,0.9413049777814758,Very High,2026-09-04 09:43:51 UTC,2026-10-03 04:00:00+00:00,690.2691575280555,FORECAST,,,,,,,,,,,
626,401862787,2026,5,2026-10-03 04:00:00,Charlotte,Memphis,False,True,Jerry Richardson Stadium,0.05937981506025775,0.9406201849397422,Memphis,0.9406201849397422,Very High,2026-09-04 09:43:51 UTC,2026-10-03 04:00:00+00:00,690.2691575280555,FORECAST,,,,,,,,,,,
650,401856708,2026,5,2026-10-03 04:00:00,Missouri,Florida,False,True,Memorial Stadium,0.9301586095109697,0.06984139048903026,Missouri,0.9301586095109697,Very High,2026-09-04 09:43:51 UTC,2026-10-03 04:00:00+00:00,690.2691575280555,FORECAST,,,,,,,,,,,
654,401866434,2026,5,2026-10-03 04:00:00,Kent State,Ohio,False,True,Dix Stadium,0.07444280901874961,0.9255571909812503,Ohio,0.9255571909812503,Very High,2026-09-04 09:43:51 UTC,2026-10-03 04:00:00+00:00,690.2691575280555,FORECAST,,,,,,,,,,,
614,401858253,2026,5,2026-10-03 04:00:00,Florida State,Virginia,False,True,Doak Campbell Stadium,0.08862077817968583,0.9113792218203142,Virginia,0.9113792218203142,Very High,2026-09-04 09:43:51 UTC,2026-10-03 04:00:00+00:00,690.2691575280555,FORECAST,,,,,,,,,,,
623,401856807,2026,5,2026-10-03 04:00:00,Kansas,Middle Tennessee,False,False,Memorial Stadium,0.09095060339150593,0.909049396608494,Middle Tennessee,0.909049396608494,Very High,2026-09-04 09:43:51 UTC,2026-10-03 04:00:00+00:00,690.2691575280555,FORECAST,,,,,,,,,,,
644,401862788,2026,5,2026-10-03 04:00:00,Rice,UTSA,False,True,Rice Stadium,0.09372346569923656,0.9062765343007635,UTSA,0.9062765343007635,Very High,2026-09-04 09:43:51 UTC,2026-10-03 04:00:00+00:00,690.2691575280555,FORECAST,,,,,,,,,,,
652,401858472,2026,5,2026-10-03 04:00:00,Illinois,Purdue,False,True,"Memorial Stadium (Champaign, IL)",0.889507294371663,0.11049270562833702,Illinois,0.889507294371663,Very High,2026-09-04 09:43:51 UTC,2026-10-03 04:00:00+00:00,690.2691575280555,FORECAST,,,,,,,,,,,
608,401858473,2026,5,2026-10-03 04:00:00,Iowa,Ohio State,False,True,Kinnick Stadium,0.12370613898363635,0.8762938610163636,Ohio State,0.8762938610163636,Very High,2026-09-04 09:43:51 UTC,2026-10-03 04:00:00+00:00,690.2691575280555,FORECAST,,,,,,,,,,,
627,401869942,2026,5,2026-10-03 04:00:00,Coastal Carolina,Georgia Southern,False,True,Brooks Stadium (SC),0.1447483377052183,0.8552516622947817,Georgia Southern,0.8552516622947817,Very High,2026-09-04 09:43:51 UTC,2026-10-03 04:00:00+00:00,690.2691575280555,FORECAST,,,,,,,,,,,
645,401869842,2026,5,2026-10-03 04:00:00,Louisiana Tech,Army,False,False,Joe Aillet Stadium,0.8368819650586888,0.16311803494131116,Louisiana Tech,0.8368819650586888,Very High,2026-09-04 09:43:51 UTC,2026-10-03 04:00:00+00:00,690.2691575280555,FORECAST,,,,,,,,,,,
610,401856818,2026,5,2026-10-03 04:00:00,TCU,BYU,False,True,Amon G. Carter Stadium,0.8321678366346079,0.16783216336539208,TCU,0.8321678366346079,Very High,2026-09-04 09:43:51 UTC,2026-10-03 04:00:00+00:00,690.2691575280555,FORECAST,,,,,,,,,,,
611,401858474,2026,5,2026-10-03 04:00:00,Minnesota,Michigan,False,True,Huntington Bank Stadium,0.19374575889811688,0.8062542411018832,Michigan,0.8062542411018832,Very High,2026-09-04 09:43:51 UTC,2026-10-03 04:00:00+00:00,690.2691575280555,FORECAST,,,,,,,,,,,
631,401866432,2026,5,2026-10-03 04:00:00,Buffalo,Western Michigan,False,True,UB Stadium,0.20659684642602041,0.7934031535739796,Western Michigan,0.7934031535739796,High,2026-09-04 09:43:51 UTC,2026-10-03 04:00:00+00:00,690.2691575280555,FORECAST,,,,,,,,,,,
617,401858475,2026,5,2026-10-03 04:00:00,Nebraska,Maryland,False,True,"Memorial Stadium (Lincoln, NE)",0.7838098408413303,0.21619015915866968,Nebraska,0.7838098408413303,High,2026-09-04 09:43:51 UTC,2026-10-03 04:00:00+00:00,690.2691575280555,FORECAST,,,,,,,,,,,
646,401858250,2026,5,2026-10-03 04:00:00,North Carolina,Notre Dame,False,False,Kenan Stadium,0.2286054569946947,0.7713945430053053,Notre Dame,0.7713945430053053,High,2026-09-04 09:43:51 UTC,2026-10-03 04:00:00+00:00,690.2691575280555,FORECAST,,,,,,,,,,,
612,401858479,2026,5,2026-10-03 04:00:00,Wisconsin,Michigan State,False,True,Camp Randall Stadium,0.24694764896498647,0.7530523510350136,Michigan State,0.7530523510350136,High,2026-09-04 09:43:51 UTC,2026-10-03 04:00:00+00:00,690.2691575280555,FORECAST,,,,,,,,,,,
621,401856705,2026,5,2026-10-03 04:00:00,Georgia,Vanderbilt,False,True,Sanford Stadium,0.25265159898724654,0.7473484010127535,Vanderbilt,0.7473484010127535,High,2026-09-04 09:43:51 UTC,2026-10-03 04:00:00+00:00,690.2691575280555,FORECAST,,,,,,,,,,,
648,401866430,2026,5,2026-10-03 04:00:00,Central Michigan,Akron,False,True,Kelly/Shorts Stadium,0.7381658666311669,0.2618341333688331,Central Michigan,0.7381658666311669,High,2026-09-04 09:43:51 UTC,2026-10-03 04:00:00+00:00,690.2691575280555,FORECAST,,,,,,,,,,,
653,401869932,2026,5,2026-10-03 04:00:00,Louisiana,Arkansas State,False,True,Cajun Field,0.6532030267295416,0.34679697327045844,Louisiana,0.6532030267295416,Moderate,2026-09-04 09:43:51 UTC,2026-10-03 04:00:00+00:00,690.2691575280555,FORECAST,,,,,,,,,,,
647,401856820,2026,5,2026-10-03 04:00:00,Arizona,Cincinnati,False,True,Arizona Stadium,0.587912726903724,0.412087273096276,Arizona,0.587912726903724,Low,2026-09-04 09:43:51 UTC,2026-10-03 04:00:00+00:00,690.2691575280555,FORECAST,,,,,,,,,,,
636,401858248,2026,5,2026-10-03 04:00:00,NC State,Louisville,False,True,Carter-Finley Stadium,0.5872436648008642,0.4127563351991358,NC State,0.5872436648008642,Low,2026-09-04 09:43:51 UTC,2026-10-03 04:00:00+00:00,690.2691575280555,FORECAST,,,,,,,,,,,
620,401858249,2026,5,2026-10-03 04:00:00,Clemson,Miami,False,True,"Memorial Stadium (Clemson, SC)",0.5860494407262358,0.41395055927376423,Clemson,0.5860494407262358,Low,2026-09-04 09:43:51 UTC,2026-10-03 04:00:00+00:00,690.2691575280555,FORECAST,,,,,,,,,,,
609,401856710,2026,5,2026-10-03 04:00:00,Tennessee,Auburn,False,True,Neyland Stadium,0.562999682361071,0.437000317638929,Tennessee,0.562999682361071,Low,2026-09-04 09:43:51 UTC,2026-10-03 04:00:00+00:00,690.2691575280555,FORECAST,,,,,,,,,,,
618,401858478,2026,5,2026-10-03 04:00:00,USC,Washington,False,True,Los Angeles Memorial Coliseum,0.48136074218933056,0.5186392578106694,Washington,0.5186392578106694,Low,2026-09-04 09:43:51 UTC,2026-10-03 04:00:00+00:00,690.2691575280555,FORECAST,,,,,,,,,,,
659,401858252,2026,5,2026-10-03 16:00:00,UConn,Syracuse,False,False,Pratt & Whitney Stadium,0.9768957192546138,0.023104280745386174,UConn,0.9768957192546138,Very High,2026-09-04 09:43:51 UTC,2026-10-03 16:00:00+00:00,702.2691575280555,FORECAST,,,,,,,,,,,
658,401862791,2026,5,2026-10-03 16:00:00,Air Force,Navy,False,False,Falcon Stadium,0.3789690990330481,0.6210309009669519,Navy,0.6210309009669519,Moderate,2026-09-04 09:43:51 UTC,2026-10-03 16:00:00+00:00,702.2691575280555,FORECAST,,,,,,,,,,,
684,401864515,2026,5,2026-10-03 19:30:00,North Dakota State,Wyoming,False,True,Fargodome,0.9956258340153967,0.004374165984603273,North Dakota State,0.9956258340153967,Very High,2026-09-04 09:43:51 UTC,2026-10-03 19:30:00+00:00,705.7691575280555,FORECAST,,,,,,,,,,,
680,401862793,2026,5,2026-10-03 19:30:00,UAB,Samford,False,False,Protective Stadium,0.9907773712134677,0.00922262878653235,UAB,0.9907773712134677,Very High,2026-09-04 09:43:51 UTC,2026-10-03 19:30:00+00:00,705.7691575280555,FORECAST,,,,,,,,,,,
685,401858247,2026,5,2026-10-03 19:30:00,UNLV,California,False,False,Allegiant Stadium,0.9661805982764013,0.03381940172359865,UNLV,0.9661805982764013,Very High,2026-09-04 09:43:51 UTC,2026-10-03 19:30:00+00:00,705.7691575280555,FORECAST,,,,,,,,,,,
698,401862790,2026,5,2026-10-03 22:00:00,Florida Atlantic,Texas Southern,False,False,FAU Stadium,0.09285040233448164,0.9071495976655184,Texas Southern,0.9071495976655184,Very High,2026-09-04 09:43:51 UTC,2026-10-03 22:00:00+00:00,708.2691575280555,FORECAST,,,,,,,,,,,
701,401860899,2026,5,2026-10-03 22:00:00,Colorado State,Oregon State,False,True,Canvas Stadium,0.10112623299058261,0.8988737670094173,Oregon State,0.8988737670094173,Very High,2026-09-04 09:43:51 UTC,2026-10-03 22:00:00+00:00,708.2691575280555,FORECAST,,,,,,,,,,,
708,401860898,2026,5,2026-10-03 23:30:00,Boise State,Utah State,False,True,Albertsons Stadium,0.38049555782752814,0.6195044421724718,Utah State,0.6195044421724718,Moderate,2026-09-04 09:43:51 UTC,2026-10-03 23:30:00+00:00,709.7691575280555,FORECAST,,,,,,,,,,,
709,401856706,2026,5,2026-10-03 23:45:00,LSU,McNeese,False,False,Tiger Stadium (LA),0.3279559769428702,0.6720440230571298,McNeese,0.6720440230571298,Moderate,2026-09-04 09:43:51 UTC,2026-10-03 23:45:00+00:00,710.0191575280555,FORECAST,,,,,,,,,,,
713,401858477,2026,5,2026-10-04 00:00:00,Rutgers,Indiana,False,True,SHI Stadium,0.05553398514363769,0.9444660148563623,Indiana,0.9444660148563623,Very High,2026-09-04 09:43:51 UTC,2026-10-04 00:00:00+00:00,710.2691575280555,FORECAST,,,,,,,,,,,
715,401860921,2026,5,2026-10-04 01:30:00,Washington State,Fresno State,False,True,Gesa Field,0.7788274708055974,0.22117252919440256,Washington State,0.7788274708055974,High,2026-09-04 09:43:51 UTC,2026-10-04 01:30:00+00:00,711.7691575280555,FORECAST,,,,,,,,,,,
717,401860900,2026,5,2026-10-04 02:30:00,San Diego State,Texas State,False,True,Snapdragon Stadium,0.5206254720151687,0.47937452798483127,San Diego State,0.5206254720151687,Low,2026-09-04 09:43:51 UTC,2026-10-04 02:30:00+00:00,712.7691575280555,FORECAST,,,,,,,,,,,
628,401864513,2026,5,2026-10-04 03:59:00,Hawai'i,San José State,False,True,Clarence T.C. Ching Athletics Complex,0.9001756498423183,0.09982435015768165,Hawai'i,0.9001756498423183,Very High,2026-09-04 09:43:51 UTC,2026-10-04 03:59:00+00:00,714.2524908613889,FORECAST,,,,,,,,,,,
718,401871090,2026,6,2026-10-07 00:00:00,Troy,Southern Miss,False,True,Veterans Memorial Stadium (AL),0.5538732519542076,0.44612674804579244,Troy,0.5538732519542076,Low,2026-09-04 09:43:51 UTC,2026-10-07 00:00:00+00:00,782.2691575280555,FORECAST,,,,,,,,,,,
719,401871051,2026,6,2026-10-07 23:00:00,Kennesaw State,Jacksonville State,False,True,Fifth Third Stadium,0.42527800406691213,0.5747219959330878,Jacksonville State,0.5747219959330878,Low,2026-09-04 09:43:51 UTC,2026-10-07 23:00:00+00:00,805.2691575280555,FORECAST,,,,,,,,,,,
720,401871066,2026,6,2026-10-07 23:30:00,Florida International,New Mexico State,False,True,Pitbull Stadium,0.989826926174322,0.010173073825678003,Florida International,0.989826926174322,Very High,2026-09-04 09:43:51 UTC,2026-10-07 23:30:00+00:00,805.7691575280555,FORECAST,,,,,,,,,,,
722,401870766,2026,6,2026-10-08 23:00:00,Liberty,Sam Houston,False,True,Williams Stadium (VA),0.9760921545420176,0.023907845457982413,Liberty,0.9760921545420176,Very High,2026-09-04 09:43:51 UTC,2026-10-08 23:00:00+00:00,829.2691575280555,FORECAST,,,,,,,,,,,
721,401871052,2026,6,2026-10-08 23:00:00,Western Kentucky,Missouri State,False,True,Houchens Industries-L.T. Smith Stadium,0.8346073101861314,0.16539268981386857,Western Kentucky,0.8346073101861314,Very High,2026-09-04 09:43:51 UTC,2026-10-08 23:00:00+00:00,829.2691575280555,FORECAST,,,,,,,,,,,
724,401862794,2026,6,2026-10-08 23:30:00,UTSA,South Florida,False,True,Alamodome,0.25848298378852663,0.7415170162114734,South Florida,0.7415170162114734,High,2026-09-04 09:43:51 UTC,2026-10-08 23:30:00+00:00,829.7691575280555,FORECAST,,,,,,,,,,,
723,401869933,2026,6,2026-10-08 23:30:00,Arkansas State,South Alabama,False,True,Centennial Bank Stadium,0.6317960287517965,0.3682039712482035,Arkansas State,0.6317960287517965,Moderate,2026-09-04 09:43:51 UTC,2026-10-08 23:30:00+00:00,829.7691575280555,FORECAST,,,,,,,,,,,
725,401858254,2026,6,2026-10-09 23:00:00,Louisville,Florida State,False,True,L&N Federal Credit Union Stadium,0.9770823076431039,0.022917692356896113,Louisville,0.9770823076431039,Very High,2026-09-04 09:43:51 UTC,2026-10-09 23:00:00+00:00,853.2691575280555,FORECAST,,,,,,,,,,,
729,401858487,2026,6,2026-10-10 01:00:00,Washington,Iowa,False,True,Husky Stadium,0.9465356045921256,0.0534643954078744,Washington,0.9465356045921256,Very High,2026-09-04 09:43:51 UTC,2026-10-10 01:00:00+00:00,855.2691575280555,FORECAST,,,,,,,,,,,
728,401864519,2026,6,2026-10-10 01:00:00,San José State,Wyoming,False,True,CEFCU Stadium,0.46036383160337924,0.5396361683966208,Wyoming,0.5396361683966208,Low,2026-09-04 09:43:51 UTC,2026-10-10 01:00:00+00:00,855.2691575280555,FORECAST,,,,,,,,,,,
727,401860922,2026,6,2026-10-10 01:00:00,Utah State,Washington State,False,True,Maverik Stadium,0.5148718338894585,0.48512816611054155,Utah State,0.5148718338894585,Low,2026-09-04 09:43:51 UTC,2026-10-10 01:00:00+00:00,855.2691575280555,FORECAST,,,,,,,,,,,
730,401856826,2026,6,2026-10-10 02:15:00,BYU,Iowa State,False,True,LaVell Edwards Stadium,0.4210183064484622,0.5789816935515377,Iowa State,0.5789816935515377,Low,2026-09-04 09:43:51 UTC,2026-10-10 02:15:00+00:00,856.5191575280555,FORECAST,,,,,,,,,,,
735,401862796,2026,6,2026-10-10 04:00:00,North Texas,Charlotte,False,True,DATCU Stadium,0.99788390494392,0.002116095056080014,North Texas,0.99788390494392,Very High,2026-09-04 09:43:51 UTC,2026-10-10 04:00:00+00:00,858.2691575280555,FORECAST,,,,,,,,,,,
736,401858484,2026,6,2026-10-10 04:00:00,Oregon,UCLA,False,True,Autzen Stadium,0.9974873468305921,0.0025126531694078524,Oregon,0.9974873468305921,Very High,2026-09-04 09:43:51 UTC,2026-10-10 04:00:00+00:00,858.2691575280555,FORECAST,,,,,,,,,,,
757,401856827,2026,6,2026-10-10 04:00:00,Utah,Kansas,False,True,Rice-Eccles Stadium,0.9953277937523295,0.004672206247670507,Utah,0.9953277937523295,Very High,2026-09-04 09:43:51 UTC,2026-10-10 04:00:00+00:00,858.2691575280555,FORECAST,,,,,,,,,,,
768,401858258,2026,6,2026-10-10 04:00:00,Virginia,Syracuse,False,True,Scott Stadium,0.991705264307733,0.008294735692267019,Virginia,0.991705264307733,Very High,2026-09-04 09:43:51 UTC,2026-10-10 04:00:00+00:00,858.2691575280555,FORECAST,,,,,,,,,,,
747,401858483,2026,6,2026-10-10 04:00:00,Ohio State,Maryland,False,True,Ohio Stadium,0.9877723908481238,0.012227609151876151,Ohio State,0.9877723908481238,Very High,2026-09-04 09:43:51 UTC,2026-10-10 04:00:00+00:00,858.2691575280555,FORECAST,,,,,,,,,,,
748,401856823,2026,6,2026-10-10 04:00:00,West Virginia,Arizona,False,True,Milan Puskar Stadium,0.013479554034194489,0.9865204459658055,Arizona,0.9865204459658055,Very High,2026-09-04 09:43:51 UTC,2026-10-10 04:00:00+00:00,858.2691575280555,FORECAST,,,,,,,,,,,
760,401866440,2026,6,2026-10-10 04:00:00,Massachusetts,Miami (OH),False,True,Warren McGuirk Alumni Stadium,0.018072727949776005,0.981927272050224,Miami (OH),0.981927272050224,Very High,2026-09-04 09:43:51 UTC,2026-10-10 04:00:00+00:00,858.2691575280555,FORECAST,,,,,,,,,,,
754,401866437,2026,6,2026-10-10 04:00:00,Toledo,Buffalo,False,True,Glass Bowl,0.9778461212064726,0.02215387879352737,Toledo,0.9778461212064726,Very High,2026-09-04 09:43:51 UTC,2026-10-10 04:00:00+00:00,858.2691575280555,FORECAST,,,,,,,,,,,
756,401856713,2026,6,2026-10-10 04:00:00,Arkansas,Tennessee,False,True,Razorback Stadium,0.025238657495250106,0.9747613425047499,Tennessee,0.9747613425047499,Very High,2026-09-04 09:43:51 UTC,2026-10-10 04:00:00+00:00,858.2691575280555,FORECAST,,,,,,,,,,,
765,401858486,2026,6,2026-10-10 04:00:00,Purdue,Minnesota,False,True,Ross-Ade Stadium,0.028657905887530408,0.9713420941124696,Minnesota,0.9713420941124696,Very High,2026-09-04 09:43:51 UTC,2026-10-10 04:00:00+00:00,858.2691575280555,FORECAST,,,,,,,,,,,
746,401861964,2026,6,2026-10-10 04:00:00,Temple,UConn,False,False,Lincoln Financial Field,0.0314158672215603,0.9685841327784397,UConn,0.9685841327784397,Very High,2026-09-04 09:43:51 UTC,2026-10-10 04:00:00+00:00,858.2691575280555,FORECAST,,,,,,,,,,,
773,401869843,2026,6,2026-10-10 04:00:00,App State,Old Dominion,False,True,Kidd Brewer Stadium,0.03166018712214931,0.9683398128778506,Old Dominion,0.9683398128778506,Very High,2026-09-04 09:43:51 UTC,2026-10-10 04:00:00+00:00,858.2691575280555,FORECAST,,,,,,,,,,,
755,401858482,2026,6,2026-10-10 04:00:00,Northwestern,Ball State,False,False,Ryan Field,0.9563053061011214,0.04369469389887859,Northwestern,0.9563053061011214,Very High,2026-09-04 09:43:51 UTC,2026-10-10 04:00:00+00:00,858.2691575280555,FORECAST,,,,,,,,,,,
745,401869943,2026,6,2026-10-10 04:00:00,Marshall,Coastal Carolina,False,True,Joan C. Edwards Stadium,0.9486806957919754,0.05131930420802455,Marshall,0.9486806957919754,Very High,2026-09-04 09:43:51 UTC,2026-10-10 04:00:00+00:00,858.2691575280555,FORECAST,,,,,,,,,,,
763,401862797,2026,6,2026-10-10 04:00:00,East Carolina,Rice,False,True,Dowdy-Ficklen Stadium,0.941856361926565,0.05814363807343503,East Carolina,0.941856361926565,Very High,2026-09-04 09:43:51 UTC,2026-10-10 04:00:00+00:00,858.2691575280555,FORECAST,,,,,,,,,,,
761,401866439,2026,6,2026-10-10 04:00:00,Western Michigan,Kent State,False,True,Waldo Stadium,0.9391232841266248,0.060876715873375176,Western Michigan,0.9391232841266248,Very High,2026-09-04 09:43:51 UTC,2026-10-10 04:00:00+00:00,858.2691575280555,FORECAST,,,,,,,,,,,
749,401858259,2026,6,2026-10-10 04:00:00,California,Virginia Tech,False,True,California Memorial Stadium,0.9179397653313365,0.08206023466866352,California,0.9179397653313365,Very High,2026-09-04 09:43:51 UTC,2026-10-10 04:00:00+00:00,858.2691575280555,FORECAST,,,,,,,,,,,
770,401856712,2026,6,2026-10-10 04:00:00,Alabama,Georgia,False,True,Bryant-Denny Stadium,0.09114220276256528,0.9088577972374348,Georgia,0.9088577972374348,Very High,2026-09-04 09:43:51 UTC,2026-10-10 04:00:00+00:00,858.2691575280555,FORECAST,,,,,,,,,,,
772,401858260,2026,6,2026-10-10 04:00:00,NC State,Wake Forest,False,True,Carter-Finley Stadium,0.8968612232424766,0.10313877675752336,NC State,0.8968612232424766,Very High,2026-09-04 09:43:51 UTC,2026-10-10 04:00:00+00:00,858.2691575280555,FORECAST,,,,,,,,,,,
740,401858485,2026,6,2026-10-10 04:00:00,Penn State,USC,False,True,Beaver Stadium,0.8967046637370237,0.10329533626297627,Penn State,0.8967046637370237,Very High,2026-09-04 09:43:51 UTC,2026-10-10 04:00:00+00:00,858.2691575280555,FORECAST,,,,,,,,,,,
744,401862798,2026,6,2026-10-10 04:00:00,Memphis,UAB,False,True,Simmons Bank Liberty Stadium,0.8809868845242169,0.11901311547578308,Memphis,0.8809868845242169,Very High,2026-09-04 09:43:51 UTC,2026-10-10 04:00:00+00:00,858.2691575280555,FORECAST,,,,,,,,,,,
764,401866438,2026,6,2026-10-10 04:00:00,Ohio,Central Michigan,False,True,Peden Stadium,0.8761870444980427,0.12381295550195726,Ohio,0.8761870444980427,Very High,2026-09-04 09:43:51 UTC,2026-10-10 04:00:00+00:00,858.2691575280555,FORECAST,,,,,,,,,,,
737,401869965,2026,6,2026-10-10 04:00:00,Louisiana Tech,Louisiana,False,True,Joe Aillet Stadium,0.8554842288067513,0.14451577119324865,Louisiana Tech,0.8554842288067513,Very High,2026-09-04 09:43:51 UTC,2026-10-10 04:00:00+00:00,858.2691575280555,FORECAST,,,,,,,,,,,
738,401856715,2026,6,2026-10-10 04:00:00,Kentucky,LSU,False,True,Kroger Field,0.14581295717478235,0.8541870428252176,LSU,0.8541870428252176,Very High,2026-09-04 09:43:51 UTC,2026-10-10 04:00:00+00:00,858.2691575280555,FORECAST,,,,,,,,,,,
753,401856808,2026,6,2026-10-10 04:00:00,Arizona State,Hawai'i,False,False,Mountain America Stadium,0.17787237471630882,0.8221276252836912,Hawai'i,0.8221276252836912,Very High,2026-09-04 09:43:51 UTC,2026-10-10 04:00:00+00:00,858.2691575280555,FORECAST,,,,,,,,,,,
769,401856714,2026,6,2026-10-10 04:00:00,Florida,South Carolina,False,True,Ben Hill Griffin Stadium,0.18896227275313088,0.8110377272468692,South Carolina,0.8110377272468692,Very High,2026-09-04 09:43:51 UTC,2026-10-10 04:00:00+00:00,858.2691575280555,FORECAST,,,,,,,,,,,
752,401856825,2026,6,2026-10-10 04:00:00,Kansas State,Houston,False,True,Bill Snyder Family Stadium,0.8015951655577118,0.19840483444228818,Kansas State,0.8015951655577118,Very High,2026-09-04 09:43:51 UTC,2026-10-10 04:00:00+00:00,858.2691575280555,FORECAST,,,,,,,,,,,
733,401866436,2026,6,2026-10-10 04:00:00,Bowling Green,Sacramento State,False,True,Doyt L. Perry Stadium,0.2255047634747476,0.7744952365252524,Sacramento State,0.7744952365252524,High,2026-09-04 09:43:51 UTC,2026-10-10 04:00:00+00:00,858.2691575280555,FORECAST,,,,,,,,,,,
731,401858480,2026,6,2026-10-10 04:00:00,Michigan State,Illinois,False,True,Spartan Stadium,0.7096393860181406,0.2903606139818594,Michigan State,0.7096393860181406,High,2026-09-04 09:43:51 UTC,2026-10-10 04:00:00+00:00,858.2691575280555,FORECAST,,,,,,,,,,,
771,401858256,2026,6,2026-10-10 04:00:00,Pittsburgh,North Carolina,False,True,Acrisure Stadium,0.6507729848530353,0.34922701514696475,Pittsburgh,0.6507729848530353,Moderate,2026-09-04 09:43:51 UTC,2026-10-10 04:00:00+00:00,858.2691575280555,FORECAST,,,,,,,,,,,
741,401858255,2026,6,2026-10-10 04:00:00,Georgia Tech,Duke,False,True,Bobby Dodd Stadium,0.6449236569372461,0.35507634306275393,Georgia Tech,0.6449236569372461,Moderate,2026-09-04 09:43:51 UTC,2026-10-10 04:00:00+00:00,858.2691575280555,FORECAST,,,,,,,,,,,
759,401858481,2026,6,2026-10-10 04:00:00,Nebraska,Indiana,False,True,"Memorial Stadium (Lincoln, NE)",0.3749447585321479,0.6250552414678521,Indiana,0.6250552414678521,Moderate,2026-09-04 09:43:51 UTC,2026-10-10 04:00:00+00:00,858.2691575280555,FORECAST,,,,,,,,,,,
742,401864517,2026,6,2026-10-10 04:00:00,UTEP,Nevada,False,True,Sun Bowl,0.37729533758777634,0.6227046624122237,Nevada,0.6227046624122237,Moderate,2026-09-04 09:43:51 UTC,2026-10-10 04:00:00+00:00,858.2691575280555,FORECAST,,,,,,,,,,,
750,401856716,2026,6,2026-10-10 04:00:00,Missouri,Texas A&M,False,True,Memorial Stadium,0.39757987568124503,0.602420124318755,Texas A&M,0.602420124318755,Moderate,2026-09-04 09:43:51 UTC,2026-10-10 04:00:00+00:00,858.2691575280555,FORECAST,,,,,,,,,,,
734,401856718,2026,6,2026-10-10 04:00:00,Vanderbilt,Ole Miss,False,True,FirstBank Stadium,0.3998186283827193,0.6001813716172807,Ole Miss,0.6001813716172807,Moderate,2026-09-04 09:43:51 UTC,2026-10-10 04:00:00+00:00,858.2691575280555,FORECAST,,,,,,,,,,,
766,401856824,2026,6,2026-10-10 04:00:00,Oklahoma State,UCF,False,True,Boone Pickens Stadium,0.5790583699418971,0.4209416300581029,Oklahoma State,0.5790583699418971,Low,2026-09-04 09:43:51 UTC,2026-10-10 04:00:00+00:00,858.2691575280555,FORECAST,,,,,,,,,,,
762,401869949,2026,6,2026-10-10 04:00:00,Georgia Southern,James Madison,False,True,Allen E. Paulson Stadium,0.4919894572932488,0.5080105427067512,James Madison,0.5080105427067512,Low,2026-09-04 09:43:51 UTC,2026-10-10 04:00:00+00:00,858.2691575280555,FORECAST,,,,,,,,,,,
779,401862795,2026,6,2026-10-10 16:00:00,Army,Tulane,False,True,Michie Stadium,0.10451837335805891,0.8954816266419411,Tulane,0.8954816266419411,Very High,2026-09-04 09:43:51 UTC,2026-10-10 16:00:00+00:00,870.2691575280555,FORECAST,,,,,,,,,,,
805,401858257,2026,6,2026-10-10 19:30:00,Notre Dame,Stanford,False,False,Notre Dame Stadium,0.9944359732274455,0.00556402677255452,Notre Dame,0.9944359732274455,Very High,2026-09-04 09:43:51 UTC,2026-10-10 19:30:00+00:00,873.7691575280555,FORECAST,,,,,,,,,,,
806,401862799,2026,6,2026-10-10 19:30:00,Navy,Tulsa,False,True,Navy-Marine Corps Memorial Stadium,0.9274410934636171,0.07255890653638286,Navy,0.9274410934636171,Very High,2026-09-04 09:43:51 UTC,2026-10-10 19:30:00+00:00,873.7691575280555,FORECAST,,,,,,,,,,,
802,401856717,2026,6,2026-10-10 19:30:00,Oklahoma,Texas,True,True,Cotton Bowl,0.6948692715091748,0.30513072849082523,Oklahoma,0.6948692715091748,Moderate,2026-09-04 09:43:51 UTC,2026-10-10 19:30:00+00:00,873.7691575280555,FORECAST,,,,,,,,,,,
739,401866435,2026,6,2026-10-10 19:30:00,Akron,Eastern Michigan,False,True,InfoCision Stadium,0.6142065319526285,0.38579346804737147,Akron,0.6142065319526285,Moderate,2026-09-04 09:43:51 UTC,2026-10-10 19:30:00+00:00,873.7691575280555,FORECAST,,,,,,,,,,,
819,401860902,2026,6,2026-10-10 22:00:00,Oregon State,San Diego State,False,True,Reser Stadium,0.44206180832660463,0.5579381916733954,San Diego State,0.5579381916733954,Low,2026-09-04 09:43:51 UTC,2026-10-10 22:00:00+00:00,876.2691575280555,FORECAST,,,,,,,,,,,
823,401864518,2026,6,2026-10-10 23:00:00,UNLV,North Dakota State,False,True,Allegiant Stadium,0.7564337913980187,0.2435662086019813,UNLV,0.7564337913980187,High,2026-09-04 09:43:51 UTC,2026-10-10 23:00:00+00:00,877.2691575280555,FORECAST,,,,,,,,,,,
825,401864516,2026,6,2026-10-10 23:30:00,Northern Illinois,Air Force,False,True,Huskie Stadium,0.7840543370873816,0.2159456629126184,Northern Illinois,0.7840543370873816,High,2026-09-04 09:43:51 UTC,2026-10-10 23:30:00+00:00,877.7691575280555,FORECAST,,,,,,,,,,,
828,401860901,2026,6,2026-10-11 02:30:00,Fresno State,Boise State,False,True,Valley Children's Stadium,0.9305315466445024,0.06946845335549756,Fresno State,0.9305315466445024,Very High,2026-09-04 09:43:51 UTC,2026-10-11 02:30:00+00:00,880.7691575280555,FORECAST,,,,,,,,,,,
829,401871067,2026,7,2026-10-13 23:00:00,Middle Tennessee,Delaware,False,True,"Johnny ""Red"" Floyd Stadium",0.8414576081558831,0.1585423918441169,Middle Tennessee,0.8414576081558831,Very High,2026-09-04 09:43:51 UTC,2026-10-13 23:00:00+00:00,949.2691575280555,FORECAST,,,,,,,,,,,
830,401871053,2026,7,2026-10-14 00:00:00,Jacksonville State,Florida International,False,True,AmFirst Stadium,0.56086529597335,0.43913470402665,Jacksonville State,0.56086529597335,Low,2026-09-04 09:43:51 UTC,2026-10-14 00:00:00+00:00,950.2691575280555,FORECAST,,,,,,,,,,,
831,401871054,2026,7,2026-10-14 23:30:00,Missouri State,Kennesaw State,False,True,Plaster Sports Complex,0.677183184158461,0.322816815841539,Missouri State,0.677183184158461,Moderate,2026-09-04 09:43:51 UTC,2026-10-14 23:30:00+00:00,973.7691575280555,FORECAST,,,,,,,,,,,
832,401871068,2026,7,2026-10-15 00:00:00,Sam Houston,Western Kentucky,False,True,Elliott T. Bowers Stadium,0.07062183986343776,0.9293781601365623,Western Kentucky,0.9293781601365623,Very High,2026-09-04 09:43:51 UTC,2026-10-15 00:00:00+00:00,974.2691575280555,FORECAST,,,,,,,,,,,
834,401862800,2026,7,2026-10-15 23:30:00,UAB,East Carolina,False,True,Protective Stadium,0.06637568959604134,0.9336243104039587,East Carolina,0.9336243104039587,Very High,2026-09-04 09:43:51 UTC,2026-10-15 23:30:00+00:00,997.7691575280555,FORECAST,,,,,,,,,,,
833,401869950,2026,7,2026-10-15 23:30:00,Old Dominion,Georgia Southern,False,True,S.B. Ballard Stadium,0.8984947992598221,0.10150520074017788,Old Dominion,0.8984947992598221,Very High,2026-09-04 09:43:51 UTC,2026-10-15 23:30:00+00:00,997.7691575280555,FORECAST,,,,,,,,,,,
835,401860923,2026,7,2026-10-16 00:00:00,Texas State,Colorado State,False,True,Bobcat Stadium (TX),0.9959505291364584,0.004049470863541571,Texas State,0.9959505291364584,Very High,2026-09-04 09:43:51 UTC,2026-10-16 00:00:00+00:00,998.2691575280555,FORECAST,,,,,,,,,,,
837,401862801,2026,7,2026-10-16 23:30:00,Tulane,Memphis,False,True,Yulman Stadium,0.8218496777994773,0.17815032220052274,Tulane,0.8218496777994773,Very High,2026-09-04 09:43:51 UTC,2026-10-16 23:30:00+00:00,1021.7691575280555,FORECAST,,,,,,,,,,,
839,401858493,2026,7,2026-10-17 00:00:00,Purdue,Washington,False,True,Ross-Ade Stadium,0.06857283860568654,0.9314271613943135,Washington,0.9314271613943135,Very High,2026-09-04 09:43:51 UTC,2026-10-17 00:00:00+00:00,1022.2691575280555,FORECAST,,,,,,,,,,,
838,401869844,2026,7,2026-10-17 00:00:00,Coastal Carolina,App State,False,True,Brooks Stadium (SC),0.36277541523444606,0.637224584765554,App State,0.637224584765554,Moderate,2026-09-04 09:43:51 UTC,2026-10-17 00:00:00+00:00,1022.2691575280555,FORECAST,,,,,,,,,,,
864,401862806,2026,7,2026-10-17 04:00:00,South Florida,Kent State,False,False,Raymond James Stadium,0.9955086847270428,0.004491315272957208,South Florida,0.9955086847270428,Very High,2026-09-04 09:43:51 UTC,2026-10-17 04:00:00+00:00,1026.2691575280555,FORECAST,,,,,,,,,,,
871,401869957,2026,7,2026-10-17 04:00:00,James Madison,Georgia State,False,True,Bridgeforth Stadium,0.9936243134383629,0.006375686561637117,James Madison,0.9936243134383629,Very High,2026-09-04 09:43:51 UTC,2026-10-17 04:00:00+00:00,1026.2691575280555,FORECAST,,,,,,,,,,,
886,401858492,2026,7,2026-10-17 04:00:00,Oregon,Nebraska,False,True,Autzen Stadium,0.992115935448,0.00788406455199997,Oregon,0.992115935448,Very High,2026-09-04 09:43:51 UTC,2026-10-17 04:00:00+00:00,1026.2691575280555,FORECAST,,,,,,,,,,,
861,401871091,2026,7,2026-10-17 04:00:00,UL Monroe,Louisiana Tech,False,True,Malone Stadium,0.014720419244679045,0.985279580755321,Louisiana Tech,0.985279580755321,Very High,2026-09-04 09:43:51 UTC,2026-10-17 04:00:00+00:00,1026.2691575280555,FORECAST,,,,,,,,,,,
868,401856831,2026,7,2026-10-17 04:00:00,Houston,Oklahoma State,False,True,TDECU Stadium,0.9840881711167915,0.015911828883208523,Houston,0.9840881711167915,Very High,2026-09-04 09:43:51 UTC,2026-10-17 04:00:00+00:00,1026.2691575280555,FORECAST,,,,,,,,,,,
856,401866441,2026,7,2026-10-17 04:00:00,Bowling Green,Ball State,False,True,Doyt L. Perry Stadium,0.9835306404752644,0.016469359524735605,Bowling Green,0.9835306404752644,Very High,2026-09-04 09:43:51 UTC,2026-10-17 04:00:00+00:00,1026.2691575280555,FORECAST,,,,,,,,,,,
869,401856830,2026,7,2026-10-17 04:00:00,Kansas State,Kansas,False,True,Bill Snyder Family Stadium,0.9827669264071374,0.017233073592862636,Kansas State,0.9827669264071374,Very High,2026-09-04 09:43:51 UTC,2026-10-17 04:00:00+00:00,1026.2691575280555,FORECAST,,,,,,,,,,,
847,401856721,2026,7,2026-10-17 04:00:00,Ole Miss,Missouri,False,True,Vaught-Hemingway Stadium,0.9785553073946658,0.021444692605334215,Ole Miss,0.9785553073946658,Very High,2026-09-04 09:43:51 UTC,2026-10-17 04:00:00+00:00,1026.2691575280555,FORECAST,,,,,,,,,,,
892,401858265,2026,7,2026-10-17 04:00:00,Syracuse,Louisville,False,True,JMA Wireless Dome,0.0297664824001841,0.9702335175998159,Louisville,0.9702335175998159,Very High,2026-09-04 09:43:51 UTC,2026-10-17 04:00:00+00:00,1026.2691575280555,FORECAST,,,,,,,,,,,
883,401862803,2026,7,2026-10-17 04:00:00,Temple,Charlotte,False,True,Lincoln Financial Field,0.9698634385226991,0.030136561477300927,Temple,0.9698634385226991,Very High,2026-09-04 09:43:51 UTC,2026-10-17 04:00:00+00:00,1026.2691575280555,FORECAST,,,,,,,,,,,
862,401856833,2026,7,2026-10-17 04:00:00,Colorado,Utah,False,True,Folsom Field,0.0325468087388577,0.9674531912611423,Utah,0.9674531912611423,Very High,2026-09-04 09:43:51 UTC,2026-10-17 04:00:00+00:00,1026.2691575280555,FORECAST,,,,,,,,,,,
879,401856832,2026,7,2026-10-17 04:00:00,Baylor,TCU,False,True,McLane Stadium,0.03825138754710021,0.9617486124528998,TCU,0.9617486124528998,Very High,2026-09-04 09:43:51 UTC,2026-10-17 04:00:00+00:00,1026.2691575280555,FORECAST,,,,,,,,,,,
874,401858261,2026,7,2026-10-17 04:00:00,Clemson,Charleston Southern,False,False,"Memorial Stadium (Clemson, SC)",0.9497089769089492,0.050291023091050824,Clemson,0.9497089769089492,Very High,2026-09-04 09:43:51 UTC,2026-10-17 04:00:00+00:00,1026.2691575280555,FORECAST,,,,,,,,,,,
891,401858267,2026,7,2026-10-17 04:00:00,Boston College,Pittsburgh,False,True,"Alumni Stadium (Chestnut Hill, MA)",0.9380640581169974,0.061935941883002554,Boston College,0.9380640581169974,Very High,2026-09-04 09:43:51 UTC,2026-10-17 04:00:00+00:00,1026.2691575280555,FORECAST,,,,,,,,,,,
854,401866444,2026,7,2026-10-17 04:00:00,Eastern Michigan,Toledo,False,True,Rynearson Stadium,0.06828368992990705,0.9317163100700929,Toledo,0.9317163100700929,Very High,2026-09-04 09:43:51 UTC,2026-10-17 04:00:00+00:00,1026.2691575280555,FORECAST,,,,,,,,,,,
842,401856828,2026,7,2026-10-17 04:00:00,Texas Tech,Arizona State,False,True,Jones AT&T Stadium,0.9229641333591019,0.07703586664089812,Texas Tech,0.9229641333591019,Very High,2026-09-04 09:43:51 UTC,2026-10-17 04:00:00+00:00,1026.2691575280555,FORECAST,,,,,,,,,,,
873,401858263,2026,7,2026-10-17 04:00:00,Miami,Florida State,False,True,Hard Rock Stadium,0.9144076803898128,0.0855923196101872,Miami,0.9144076803898128,Very High,2026-09-04 09:43:51 UTC,2026-10-17 04:00:00+00:00,1026.2691575280555,FORECAST,,,,,,,,,,,
863,401856726,2026,7,2026-10-17 04:00:00,Vanderbilt,Arkansas,False,True,FirstBank Stadium,0.908732633971945,0.09126736602805496,Vanderbilt,0.908732633971945,Very High,2026-09-04 09:43:51 UTC,2026-10-17 04:00:00+00:00,1026.2691575280555,FORECAST,,,,,,,,,,,
851,401862805,2026,7,2026-10-17 04:00:00,Rice,Tulsa,False,True,Rice Stadium,0.11686004851582212,0.8831399514841779,Tulsa,0.8831399514841779,Very High,2026-09-04 09:43:51 UTC,2026-10-17 04:00:00+00:00,1026.2691575280555,FORECAST,,,,,,,,,,,
888,401856720,2026,7,2026-10-17 04:00:00,LSU,Mississippi State,False,True,Tiger Stadium (LA),0.8753265356619823,0.12467346433801774,LSU,0.8753265356619823,Very High,2026-09-04 09:43:51 UTC,2026-10-17 04:00:00+00:00,1026.2691575280555,FORECAST,,,,,,,,,,,
890,401869966,2026,7,2026-10-17 04:00:00,Louisiana,Troy,False,True,Cajun Field,0.8711516977132185,0.12884830228678146,Louisiana,0.8711516977132185,Very High,2026-09-04 09:43:51 UTC,2026-10-17 04:00:00+00:00,1026.2691575280555,FORECAST,,,,,,,,,,,
875,401858266,2026,7,2026-10-17 04:00:00,Duke,North Carolina,False,True,Wallace Wade Stadium,0.8626717927021517,0.13732820729784834,Duke,0.8626717927021517,Very High,2026-09-04 09:43:51 UTC,2026-10-17 04:00:00+00:00,1026.2691575280555,FORECAST,,,,,,,,,,,
855,401856722,2026,7,2026-10-17 04:00:00,Oklahoma,Kentucky,False,True,"Memorial Stadium (Norman, OK)",0.829831646269759,0.17016835373024097,Oklahoma,0.829831646269759,Very High,2026-09-04 09:43:51 UTC,2026-10-17 04:00:00+00:00,1026.2691575280555,FORECAST,,,,,,,,,,,
850,401866478,2026,7,2026-10-17 04:00:00,Miami (OH),Akron,False,True,Yager Stadium,0.8154136905103676,0.1845863094896324,Miami (OH),0.8154136905103676,Very High,2026-09-04 09:43:51 UTC,2026-10-17 04:00:00+00:00,1026.2691575280555,FORECAST,,,,,,,,,,,
882,401862804,2026,7,2026-10-17 04:00:00,UTSA,Navy,False,True,Alamodome,0.8122602805464044,0.18773971945359558,UTSA,0.8122602805464044,Very High,2026-09-04 09:43:51 UTC,2026-10-17 04:00:00+00:00,1026.2691575280555,FORECAST,,,,,,,,,,,
852,401856809,2026,7,2026-10-17 04:00:00,BYU,Notre Dame,False,False,LaVell Edwards Stadium,0.19200994338872177,0.8079900566112782,Notre Dame,0.8079900566112782,Very High,2026-09-04 09:43:51 UTC,2026-10-17 04:00:00+00:00,1026.2691575280555,FORECAST,,,,,,,,,,,
846,401858494,2026,7,2026-10-17 04:00:00,UCLA,Wisconsin,False,True,Rose Bowl,0.1956016785706518,0.8043983214293482,Wisconsin,0.8043983214293482,Very High,2026-09-04 09:43:51 UTC,2026-10-17 04:00:00+00:00,1026.2691575280555,FORECAST,,,,,,,,,,,
849,401866442,2026,7,2026-10-17 04:00:00,Buffalo,Massachusetts,False,True,UB Stadium,0.7739560257813732,0.22604397421862676,Buffalo,0.7739560257813732,High,2026-09-04 09:43:51 UTC,2026-10-17 04:00:00+00:00,1026.2691575280555,FORECAST,,,,,,,,,,,
880,401856829,2026,7,2026-10-17 04:00:00,West Virginia,Cincinnati,False,True,Milan Puskar Stadium,0.22923890532068275,0.7707610946793173,Cincinnati,0.7707610946793173,High,2026-09-04 09:43:51 UTC,2026-10-17 04:00:00+00:00,1026.2691575280555,FORECAST,,,,,,,,,,,
866,401869934,2026,7,2026-10-17 04:00:00,Southern Miss,Arkansas State,False,True,M. M. Roberts Stadium,0.2304511063347866,0.7695488936652134,Arkansas State,0.7695488936652134,High,2026-09-04 09:43:51 UTC,2026-10-17 04:00:00+00:00,1026.2691575280555,FORECAST,,,,,,,,,,,
860,401858264,2026,7,2026-10-17 04:00:00,Virginia Tech,Georgia Tech,False,True,Lane Stadium,0.23702021062658712,0.7629797893734129,Georgia Tech,0.7629797893734129,High,2026-09-04 09:43:51 UTC,2026-10-17 04:00:00+00:00,1026.2691575280555,FORECAST,,,,,,,,,,,
889,401856723,2026,7,2026-10-17 04:00:00,Tennessee,Alabama,False,True,Neyland Stadium,0.7611154035198087,0.23888459648019134,Tennessee,0.7611154035198087,High,2026-09-04 09:43:51 UTC,2026-10-17 04:00:00+00:00,1026.2691575280555,FORECAST,,,,,,,,,,,
857,401856719,2026,7,2026-10-17 04:00:00,Georgia,Auburn,False,True,Sanford Stadium,0.7345229528184928,0.2654770471815072,Georgia,0.7345229528184928,High,2026-09-04 09:43:51 UTC,2026-10-17 04:00:00+00:00,1026.2691575280555,FORECAST,,,,,,,,,,,
877,401864521,2026,7,2026-10-17 04:00:00,Hawai'i,New Mexico,False,True,Clarence T.C. Ching Athletics Complex,0.7334379859735795,0.26656201402642055,Hawai'i,0.7334379859735795,High,2026-09-04 09:43:51 UTC,2026-10-17 04:00:00+00:00,1026.2691575280555,FORECAST,,,,,,,,,,,
865,401858268,2026,7,2026-10-17 04:00:00,SMU,Virginia,False,True,Gerald J. Ford Stadium,0.727449011347435,0.272550988652565,SMU,0.727449011347435,High,2026-09-04 09:43:51 UTC,2026-10-17 04:00:00+00:00,1026.2691575280555,FORECAST,,,,,,,,,,,
884,401858488,2026,7,2026-10-17 04:00:00,Indiana,Ohio State,False,True,"Memorial Stadium (Bloomington, IN)",0.6827541622590504,0.3172458377409496,Indiana,0.6827541622590504,Moderate,2026-09-04 09:43:51 UTC,2026-10-17 04:00:00+00:00,1026.2691575280555,FORECAST,,,,,,,,,,,
872,401858491,2026,7,2026-10-17 04:00:00,Michigan State,Northwestern,False,True,Spartan Stadium,0.6543050317976112,0.34569496820238876,Michigan State,0.6543050317976112,Moderate,2026-09-04 09:43:51 UTC,2026-10-17 04:00:00+00:00,1026.2691575280555,FORECAST,,,,,,,,,,,
853,401858489,2026,7,2026-10-17 04:00:00,Maryland,Rutgers,False,True,SECU Stadium,0.5964561979786229,0.4035438020213771,Maryland,0.5964561979786229,Low,2026-09-04 09:43:51 UTC,2026-10-17 04:00:00+00:00,1026.2691575280555,FORECAST,,,,,,,,,,,
881,401866443,2026,7,2026-10-17 04:00:00,Central Michigan,Western Michigan,False,True,Kelly/Shorts Stadium,0.4367144580469446,0.5632855419530554,Western Michigan,0.5632855419530554,Low,2026-09-04 09:43:51 UTC,2026-10-17 04:00:00+00:00,1026.2691575280555,FORECAST,,,,,,,,,,,
870,401856724,2026,7,2026-10-17 04:00:00,Texas,Florida,False,True,DKR-Texas Memorial Stadium,0.5418980686442468,0.45810193135575317,Texas,0.5418980686442468,Low,2026-09-04 09:43:51 UTC,2026-10-17 04:00:00+00:00,1026.2691575280555,FORECAST,,,,,,,,,,,
878,401858269,2026,7,2026-10-17 04:00:00,California,Wake Forest,False,True,California Memorial Stadium,0.46968798358471503,0.530312016415285,Wake Forest,0.530312016415285,Low,2026-09-04 09:43:51 UTC,2026-10-17 04:00:00+00:00,1026.2691575280555,FORECAST,,,,,,,,,,,
858,401866445,2026,7,2026-10-17 04:00:00,Sacramento State,Ohio,False,True,Hornet Stadium,0.4742370376772214,0.5257629623227786,Ohio,0.5257629623227786,Low,2026-09-04 09:43:51 UTC,2026-10-17 04:00:00+00:00,1026.2691575280555,FORECAST,,,,,,,,,,,
885,401858490,2026,7,2026-10-17 04:00:00,Michigan,Penn State,False,True,Michigan Stadium,0.48427497198389335,0.5157250280161066,Penn State,0.5157250280161066,Low,2026-09-04 09:43:51 UTC,2026-10-17 04:00:00+00:00,1026.2691575280555,FORECAST,,,,,,,,,,,
895,401862802,2026,7,2026-10-17 16:00:00,Army,Florida Atlantic,False,True,Michie Stadium,0.9444702229299863,0.05552977707001372,Army,0.9444702229299863,Very High,2026-09-04 09:43:51 UTC,2026-10-17 16:00:00+00:00,1038.2691575280555,FORECAST,,,,,,,,,,,
898,401856725,2026,7,2026-10-17 17:00:00,Texas A&M,The Citadel,False,False,Kyle Field,0.9823893721930363,0.017610627806963652,Texas A&M,0.9823893721930363,Very High,2026-09-04 09:43:51 UTC,2026-10-17 17:00:00+00:00,1039.2691575280555,FORECAST,,,,,,,,,,,
931,401864524,2026,7,2026-10-17 19:30:00,Air Force,UNLV,False,True,Falcon Stadium,0.19182623568935903,0.808173764310641,UNLV,0.808173764310641,Very High,2026-09-04 09:43:51 UTC,2026-10-17 19:30:00+00:00,1041.7691575280555,FORECAST,,,,,,,,,,,
929,401864522,2026,7,2026-10-17 19:30:00,Wyoming,Northern Illinois,False,True,War Memorial Stadium,0.3514770099166602,0.6485229900833398,Northern Illinois,0.6485229900833398,Moderate,2026-09-04 09:43:51 UTC,2026-10-17 19:30:00+00:00,1041.7691575280555,FORECAST,,,,,,,,,,,
937,401860903,2026,7,2026-10-17 22:00:00,Oregon State,Washington State,False,True,Reser Stadium,0.38287036257207513,0.6171296374279249,Washington State,0.6171296374279249,Moderate,2026-09-04 09:43:51 UTC,2026-10-17 22:00:00+00:00,1044.2691575280555,FORECAST,,,,,,,,,,,
945,401864520,2026,7,2026-10-17 23:00:00,North Dakota State,Nevada,False,True,Fargodome,0.9819897897925699,0.0180102102074301,North Dakota State,0.9819897897925699,Very High,2026-09-04 09:43:51 UTC,2026-10-17 23:00:00+00:00,1045.2691575280555,FORECAST,,,,,,,,,,,
947,401858262,2026,7,2026-10-17 23:30:00,Stanford,Elon,False,False,Stanford Stadium,0.382180206856726,0.6178197931432741,Elon,0.6178197931432741,Moderate,2026-09-04 09:43:51 UTC,2026-10-17 23:30:00+00:00,1045.7691575280555,FORECAST,,,,,,,,,,,
876,401864523,2026,7,2026-10-18 01:00:00,UTEP,San José State,False,True,Sun Bowl,0.8559474587441438,0.1440525412558562,UTEP,0.8559474587441438,Very High,2026-09-04 09:43:51 UTC,2026-10-18 01:00:00+00:00,1047.2691575280555,FORECAST,,,,,,,,,,,
950,401860904,2026,7,2026-10-18 02:30:00,San Diego State,Fresno State,False,True,Snapdragon Stadium,0.9459763130438047,0.054023686956195305,San Diego State,0.9459763130438047,Very High,2026-09-04 09:43:51 UTC,2026-10-18 02:30:00+00:00,1048.7691575280555,FORECAST,,,,,,,,,,,
952,401871055,2026,8,2026-10-20 23:00:00,Florida International,Middle Tennessee,False,True,Pitbull Stadium,0.971961300301402,0.028038699698597958,Florida International,0.971961300301402,Very High,2026-09-04 09:43:51 UTC,2026-10-20 23:00:00+00:00,1117.2691575280555,FORECAST,,,,,,,,,,,
951,401871069,2026,8,2026-10-20 23:00:00,Delaware,Missouri State,False,True,Delaware Stadium,0.2242327841239582,0.7757672158760418,Missouri State,0.7757672158760418,High,2026-09-04 09:43:51 UTC,2026-10-20 23:00:00+00:00,1117.2691575280555,FORECAST,,,,,,,,,,,
953,401871092,2026,8,2026-10-20 23:30:00,Marshall,South Alabama,False,True,Joan C. Edwards Stadium,0.8525481099965544,0.1474518900034456,Marshall,0.8525481099965544,Very High,2026-09-04 09:43:51 UTC,2026-10-20 23:30:00+00:00,1117.7691575280555,FORECAST,,,,,,,,,,,
954,401871070,2026,8,2026-10-22 00:00:00,Sam Houston,New Mexico State,False,True,Elliott T. Bowers Stadium,0.2550798624741064,0.7449201375258936,New Mexico State,0.7449201375258936,High,2026-09-04 09:43:51 UTC,2026-10-22 00:00:00+00:00,1142.2691575280555,FORECAST,,,,,,,,,,,
955,401869845,2026,8,2026-10-22 23:00:00,App State,James Madison,False,True,Kidd Brewer Stadium,0.10182781393397641,0.8981721860660236,James Madison,0.8981721860660236,Very High,2026-09-04 09:43:51 UTC,2026-10-22 23:00:00+00:00,1165.2691575280555,FORECAST,,,,,,,,,,,
956,401871056,2026,8,2026-10-22 23:00:00,Kennesaw State,Liberty,False,True,Fifth Third Stadium,0.5096426527128899,0.4903573472871101,Kennesaw State,0.5096426527128899,Low,2026-09-04 09:43:51 UTC,2026-10-22 23:00:00+00:00,1165.2691575280555,FORECAST,,,,,,,,,,,
957,401862807,2026,8,2026-10-22 23:30:00,Memphis,East Carolina,False,True,Simmons Bank Liberty Stadium,0.10027762837043466,0.8997223716295654,East Carolina,0.8997223716295654,Very High,2026-09-04 09:43:51 UTC,2026-10-22 23:30:00+00:00,1165.7691575280555,FORECAST,,,,,,,,,,,
958,401861965,2026,8,2026-10-23 23:00:00,UConn,Massachusetts,False,False,Pratt & Whitney Stadium,0.9861298730421871,0.013870126957812867,UConn,0.9861298730421871,Very High,2026-09-04 09:43:51 UTC,2026-10-23 23:00:00+00:00,1189.2691575280555,FORECAST,,,,,,,,,,,
959,401858271,2026,8,2026-10-23 23:00:00,Virginia,Duke,False,True,Scott Stadium,0.6652583610427458,0.3347416389572542,Virginia,0.6652583610427458,Moderate,2026-09-04 09:43:51 UTC,2026-10-23 23:00:00+00:00,1189.2691575280555,FORECAST,,,,,,,,,,,
961,401862808,2026,8,2026-10-24 00:30:00,Tulsa,Army,False,True,Chapman Stadium,0.7335234422855501,0.2664765577144499,Tulsa,0.7335234422855501,High,2026-09-04 09:43:51 UTC,2026-10-24 00:30:00+00:00,1190.7691575280555,FORECAST,,,,,,,,,,,
962,401864525,2026,8,2026-10-24 01:00:00,Wyoming,Air Force,False,True,War Memorial Stadium,0.08359336254613171,0.9164066374538683,Air Force,0.9164066374538683,Very High,2026-09-04 09:43:51 UTC,2026-10-24 01:00:00+00:00,1191.2691575280555,FORECAST,,,,,,,,,,,
963,401858272,2026,8,2026-10-24 02:30:00,Stanford,NC State,False,True,Stanford Stadium,0.031576673491995895,0.9684233265080041,NC State,0.9684233265080041,Very High,2026-09-04 09:43:51 UTC,2026-10-24 02:30:00+00:00,1192.7691575280555,FORECAST,,,,,,,,,,,
979,401858270,2026,8,2026-10-24 04:00:00,SMU,California,False,True,Gerald J. Ford Stadium,0.9824519114457189,0.017548088554281138,SMU,0.9824519114457189,Very High,2026-09-04 09:43:51 UTC,2026-10-24 04:00:00+00:00,1194.2691575280555,FORECAST,,,,,,,,,,,
989,401866447,2026,8,2026-10-24 04:00:00,Ball State,Sacramento State,False,True,Scheumann Stadium,0.017967462377938618,0.9820325376220613,Sacramento State,0.9820325376220613,Very High,2026-09-04 09:43:51 UTC,2026-10-24 04:00:00+00:00,1194.2691575280555,FORECAST,,,,,,,,,,,
997,401858274,2026,8,2026-10-24 04:00:00,Miami,Pittsburgh,False,True,Hard Rock Stadium,0.9817898590602164,0.01821014093978357,Miami,0.9817898590602164,Very High,2026-09-04 09:43:51 UTC,2026-10-24 04:00:00+00:00,1194.2691575280555,FORECAST,,,,,,,,,,,
977,401856837,2026,8,2026-10-24 04:00:00,Utah,Houston,False,True,Rice-Eccles Stadium,0.9813282973083834,0.018671702691616554,Utah,0.9813282973083834,Very High,2026-09-04 09:43:51 UTC,2026-10-24 04:00:00+00:00,1194.2691575280555,FORECAST,,,,,,,,,,,
999,401858499,2026,8,2026-10-24 04:00:00,UCLA,Michigan State,False,True,Rose Bowl,0.01870890290083639,0.9812910970991636,Michigan State,0.9812910970991636,Very High,2026-09-04 09:43:51 UTC,2026-10-24 04:00:00+00:00,1194.2691575280555,FORECAST,,,,,,,,,,,
988,401856841,2026,8,2026-10-24 04:00:00,TCU,West Virginia,False,True,Amon G. Carter Stadium,0.9717681165446919,0.028231883455308138,TCU,0.9717681165446919,Very High,2026-09-04 09:43:51 UTC,2026-10-24 04:00:00+00:00,1194.2691575280555,FORECAST,,,,,,,,,,,
995,401858276,2026,8,2026-10-24 04:00:00,Clemson,Virginia Tech,False,True,"Memorial Stadium (Clemson, SC)",0.9688814792749562,0.03111852072504384,Clemson,0.9688814792749562,Very High,2026-09-04 09:43:51 UTC,2026-10-24 04:00:00+00:00,1194.2691575280555,FORECAST,,,,,,,,,,,
1006,401858498,2026,8,2026-10-24 04:00:00,Northwestern,Rutgers,False,True,Ryan Field,0.9621596935933747,0.03784030640662528,Northwestern,0.9621596935933747,Very High,2026-09-04 09:43:51 UTC,2026-10-24 04:00:00+00:00,1194.2691575280555,FORECAST,,,,,,,,,,,
971,401866449,2026,8,2026-10-24 04:00:00,Ohio,Eastern Michigan,False,True,Peden Stadium,0.954466448359364,0.045533551640635994,Ohio,0.954466448359364,Very High,2026-09-04 09:43:51 UTC,2026-10-24 04:00:00+00:00,1194.2691575280555,FORECAST,,,,,,,,,,,
992,401856730,2026,8,2026-10-24 04:00:00,Mississippi State,Oklahoma,False,True,Davis Wade Stadium,0.07168839479817941,0.9283116052018205,Oklahoma,0.9283116052018205,Very High,2026-09-04 09:43:51 UTC,2026-10-24 04:00:00+00:00,1194.2691575280555,FORECAST,,,,,,,,,,,
996,401858275,2026,8,2026-10-24 04:00:00,North Carolina,Syracuse,False,True,Kenan Stadium,0.9186412672075325,0.08135873279246753,North Carolina,0.9186412672075325,Very High,2026-09-04 09:43:51 UTC,2026-10-24 04:00:00+00:00,1194.2691575280555,FORECAST,,,,,,,,,,,
967,401856840,2026,8,2026-10-24 04:00:00,Cincinnati,Texas Tech,False,True,Nippert Stadium,0.08891031895823105,0.9110896810417689,Texas Tech,0.9110896810417689,Very High,2026-09-04 09:43:51 UTC,2026-10-24 04:00:00+00:00,1194.2691575280555,FORECAST,,,,,,,,,,,
993,401856729,2026,8,2026-10-24 04:00:00,Kentucky,Vanderbilt,False,True,Kroger Field,0.09633146190688573,0.9036685380931143,Vanderbilt,0.9036685380931143,Very High,2026-09-04 09:43:51 UTC,2026-10-24 04:00:00+00:00,1194.2691575280555,FORECAST,,,,,,,,,,,
965,401856836,2026,8,2026-10-24 04:00:00,Oklahoma State,Colorado,False,True,Boone Pickens Stadium,0.9033477012011685,0.09665229879883153,Oklahoma State,0.9033477012011685,Very High,2026-09-04 09:43:51 UTC,2026-10-24 04:00:00+00:00,1194.2691575280555,FORECAST,,,,,,,,,,,
978,401866450,2026,8,2026-10-24 04:00:00,Toledo,Western Michigan,False,True,Glass Bowl,0.8900376257322566,0.10996237426774336,Toledo,0.8900376257322566,Very High,2026-09-04 09:43:51 UTC,2026-10-24 04:00:00+00:00,1194.2691575280555,FORECAST,,,,,,,,,,,
1004,401856835,2026,8,2026-10-24 04:00:00,UCF,BYU,False,True,FBC Mortgage Stadium,0.11957085818232269,0.8804291418176773,BYU,0.8804291418176773,Very High,2026-09-04 09:43:51 UTC,2026-10-24 04:00:00+00:00,1194.2691575280555,FORECAST,,,,,,,,,,,
984,401858495,2026,8,2026-10-24 04:00:00,Illinois,Oregon,False,True,"Memorial Stadium (Champaign, IL)",0.12693179660146597,0.873068203398534,Oregon,0.873068203398534,Very High,2026-09-04 09:43:51 UTC,2026-10-24 04:00:00+00:00,1194.2691575280555,FORECAST,,,,,,,,,,,
982,401856732,2026,8,2026-10-24 04:00:00,Texas,Ole Miss,False,True,DKR-Texas Memorial Stadium,0.14499069200188563,0.8550093079981144,Ole Miss,0.8550093079981144,Very High,2026-09-04 09:43:51 UTC,2026-10-24 04:00:00+00:00,1194.2691575280555,FORECAST,,,,,,,,,,,
1001,401862809,2026,8,2026-10-24 04:00:00,Florida Atlantic,Rice,False,True,FAU Stadium,0.8333263461109363,0.16667365388906374,Florida Atlantic,0.8333263461109363,Very High,2026-09-04 09:43:51 UTC,2026-10-24 04:00:00+00:00,1194.2691575280555,FORECAST,,,,,,,,,,,
976,401858273,2026,8,2026-10-24 04:00:00,Georgia Tech,Boston College,False,True,Bobby Dodd Stadium,0.829484404750244,0.170515595249756,Georgia Tech,0.829484404750244,Very High,2026-09-04 09:43:51 UTC,2026-10-24 04:00:00+00:00,1194.2691575280555,FORECAST,,,,,,,,,,,
1005,401866476,2026,8,2026-10-24 04:00:00,Central Michigan,Miami (OH),False,True,Kelly/Shorts Stadium,0.8173629464459787,0.18263705355402127,Central Michigan,0.8173629464459787,Very High,2026-09-04 09:43:51 UTC,2026-10-24 04:00:00+00:00,1194.2691575280555,FORECAST,,,,,,,,,,,
981,401871093,2026,8,2026-10-24 04:00:00,Louisiana Tech,Old Dominion,False,True,Joe Aillet Stadium,0.18284162970549572,0.8171583702945042,Old Dominion,0.8171583702945042,Very High,2026-09-04 09:43:51 UTC,2026-10-24 04:00:00+00:00,1194.2691575280555,FORECAST,,,,,,,,,,,
1002,401856838,2026,8,2026-10-24 04:00:00,Arizona,Iowa State,False,True,Arizona Stadium,0.787889580152335,0.212110419847665,Arizona,0.787889580152335,High,2026-09-04 09:43:51 UTC,2026-10-24 04:00:00+00:00,1194.2691575280555,FORECAST,,,,,,,,,,,
1003,401856727,2026,8,2026-10-24 04:00:00,Alabama,Texas A&M,False,True,Bryant-Denny Stadium,0.2205383387808193,0.7794616612191807,Texas A&M,0.7794616612191807,High,2026-09-04 09:43:51 UTC,2026-10-24 04:00:00+00:00,1194.2691575280555,FORECAST,,,,,,,,,,,
998,401866448,2026,8,2026-10-24 04:00:00,Buffalo,Bowling Green,False,True,UB Stadium,0.7645732637711096,0.23542673622889043,Buffalo,0.7645732637711096,High,2026-09-04 09:43:51 UTC,2026-10-24 04:00:00+00:00,1194.2691575280555,FORECAST,,,,,,,,,,,
970,401858500,2026,8,2026-10-24 04:00:00,Wisconsin,USC,False,True,Camp Randall Stadium,0.2580488192849678,0.7419511807150322,USC,0.7419511807150322,High,2026-09-04 09:43:51 UTC,2026-10-24 04:00:00+00:00,1194.2691575280555,FORECAST,,,,,,,,,,,
994,401858497,2026,8,2026-10-24 04:00:00,Minnesota,Iowa,False,True,Huntington Bank Stadium,0.27563705012371276,0.7243629498762872,Iowa,0.7243629498762872,High,2026-09-04 09:43:51 UTC,2026-10-24 04:00:00+00:00,1194.2691575280555,FORECAST,,,,,,,,,,,
980,401858496,2026,8,2026-10-24 04:00:00,Michigan,Indiana,False,True,Michigan Stadium,0.3127368697332432,0.6872631302667568,Indiana,0.6872631302667568,Moderate,2026-09-04 09:43:51 UTC,2026-10-24 04:00:00+00:00,1194.2691575280555,FORECAST,,,,,,,,,,,
974,401856731,2026,8,2026-10-24 04:00:00,South Carolina,Tennessee,False,True,Williams-Brice Stadium,0.3265072901718387,0.6734927098281613,Tennessee,0.6734927098281613,Moderate,2026-09-04 09:43:51 UTC,2026-10-24 04:00:00+00:00,1194.2691575280555,FORECAST,,,,,,,,,,,
968,401862811,2026,8,2026-10-24 04:00:00,Tulane,UTSA,False,True,Yulman Stadium,0.6544487105402861,0.3455512894597139,Tulane,0.6544487105402861,Moderate,2026-09-04 09:43:51 UTC,2026-10-24 04:00:00+00:00,1194.2691575280555,FORECAST,,,,,,,,,,,
1000,401856839,2026,8,2026-10-24 04:00:00,Arizona State,Kansas State,False,True,Mountain America Stadium,0.40399915255500785,0.5960008474449922,Kansas State,0.5960008474449922,Low,2026-09-04 09:43:51 UTC,2026-10-24 04:00:00+00:00,1194.2691575280555,FORECAST,,,,,,,,,,,
972,401869967,2026,8,2026-10-24 04:00:00,Southern Miss,Louisiana,False,True,M. M. Roberts Stadium,0.4234477418605782,0.5765522581394218,Louisiana,0.5765522581394218,Low,2026-09-04 09:43:51 UTC,2026-10-24 04:00:00+00:00,1194.2691575280555,FORECAST,,,,,,,,,,,
987,401866446,2026,8,2026-10-24 04:00:00,Kent State,Akron,False,True,Dix Stadium,0.42412297222642137,0.5758770277735786,Akron,0.5758770277735786,Low,2026-09-04 09:43:51 UTC,2026-10-24 04:00:00+00:00,1194.2691575280555,FORECAST,,,,,,,,,,,
973,401871094,2026,8,2026-10-24 04:00:00,Troy,UL Monroe,False,True,Veterans Memorial Stadium (AL),0.5734440091401197,0.4265559908598803,Troy,0.5734440091401197,Low,2026-09-04 09:43:51 UTC,2026-10-24 04:00:00+00:00,1194.2691575280555,FORECAST,,,,,,,,,,,
964,401856834,2026,8,2026-10-24 04:00:00,Kansas,Baylor,False,True,Memorial Stadium,0.5721916318157981,0.42780836818420187,Kansas,0.5721916318157981,Low,2026-09-04 09:43:51 UTC,2026-10-24 04:00:00+00:00,1194.2691575280555,FORECAST,,,,,,,,,,,
975,401864526,2026,8,2026-10-24 04:00:00,Northern Illinois,Hawai'i,False,True,Huskie Stadium,0.5116426406903081,0.48835735930969193,Northern Illinois,0.5116426406903081,Low,2026-09-04 09:43:51 UTC,2026-10-24 04:00:00+00:00,1194.2691575280555,FORECAST,,,,,,,,,,,
1011,401856728,2026,8,2026-10-24 16:00:00,Auburn,LSU,False,True,Jordan-Hare Stadium,0.894011495732982,0.105988504267018,Auburn,0.894011495732982,Very High,2026-09-04 09:43:51 UTC,2026-10-24 16:00:00+00:00,1206.2691575280555,FORECAST,,,,,,,,,,,
1046,401862810,2026,8,2026-10-24 19:30:00,Navy,North Texas,False,True,Navy-Marine Corps Memorial Stadium,0.374323860885824,0.6256761391141761,North Texas,0.6256761391141761,Moderate,2026-09-04 09:43:51 UTC,2026-10-24 19:30:00+00:00,1209.7691575280555,FORECAST,,,,,,,,,,,
985,401864528,2026,8,2026-10-24 21:00:00,Nevada,San José State,False,True,Mackay Stadium,0.7890682257861477,0.21093177421385234,Nevada,0.7890682257861477,High,2026-09-04 09:43:51 UTC,2026-10-24 21:00:00+00:00,1211.2691575280555,FORECAST,,,,,,,,,,,
1058,401860907,2026,8,2026-10-24 22:00:00,Washington State,Boise State,False,True,Gesa Field,0.8774947535575519,0.12250524644244809,Washington State,0.8774947535575519,Very High,2026-09-04 09:43:51 UTC,2026-10-24 22:00:00+00:00,1212.2691575280555,FORECAST,,,,,,,,,,,
1063,401860905,2026,8,2026-10-24 22:30:00,Colorado State,San Diego State,False,True,Canvas Stadium,0.15956877470973896,0.840431225290261,San Diego State,0.840431225290261,Very High,2026-09-04 09:43:51 UTC,2026-10-24 22:30:00+00:00,1212.7691575280555,FORECAST,,,,,,,,,,,
986,401869935,2026,8,2026-10-24 23:00:00,Arkansas State,Georgia State,False,True,Centennial Bank Stadium,0.8752051348472133,0.1247948651527867,Arkansas State,0.8752051348472133,Very High,2026-09-04 09:43:51 UTC,2026-10-24 23:00:00+00:00,1213.2691575280555,FORECAST,,,,,,,,,,,
1062,401860906,2026,8,2026-10-24 23:30:00,Texas State,Utah State,False,True,Bobcat Stadium (TX),0.8737429947492007,0.1262570052507993,Texas State,0.8737429947492007,Very High,2026-09-04 09:43:51 UTC,2026-10-24 23:30:00+00:00,1213.7691575280555,FORECAST,,,,,,,,,,,
1007,401864527,2026,8,2026-10-25 02:00:00,New Mexico,North Dakota State,False,True,University Stadium (NM),0.636737172078521,0.363262827921479,New Mexico,0.636737172078521,Moderate,2026-09-04 09:43:51 UTC,2026-10-25 02:00:00+00:00,1216.2691575280555,FORECAST,,,,,,,,,,,
1064,401871071,2026,9,2026-10-27 23:00:00,Western Kentucky,Delaware,False,True,Houchens Industries-L.T. Smith Stadium,0.9387505000740467,0.0612494999259533,Western Kentucky,0.9387505000740467,Very High,2026-09-04 09:43:51 UTC,2026-10-27 23:00:00+00:00,1285.2691575280555,FORECAST,,,,,,,,,,,
1065,401871072,2026,9,2026-10-28 00:00:00,Missouri State,Sam Houston,False,True,Plaster Sports Complex,0.9513100969601833,0.048689903039816684,Missouri State,0.9513100969601833,Very High,2026-09-04 09:43:51 UTC,2026-10-28 00:00:00+00:00,1286.2691575280555,FORECAST,,,,,,,,,,,
1066,401871058,2026,9,2026-10-28 23:00:00,Middle Tennessee,Kennesaw State,False,True,"Johnny ""Red"" Floyd Stadium",0.6724954681891762,0.32750453181082384,Middle Tennessee,0.6724954681891762,Moderate,2026-09-04 09:43:51 UTC,2026-10-28 23:00:00+00:00,1309.2691575280555,FORECAST,,,,,,,,,,,
1067,401871057,2026,9,2026-10-29 00:00:00,New Mexico State,Jacksonville State,False,True,Aggie Memorial Stadium,0.03902860887927716,0.9609713911207228,Jacksonville State,0.9609713911207228,Very High,2026-09-04 09:43:51 UTC,2026-10-29 00:00:00+00:00,1310.2691575280555,FORECAST,,,,,,,,,,,
1069,401862812,2026,9,2026-10-29 23:30:00,North Texas,Florida Atlantic,False,True,DATCU Stadium,0.9908942007427752,0.009105799257224767,North Texas,0.9908942007427752,Very High,2026-09-04 09:43:51 UTC,2026-10-29 23:30:00+00:00,1333.7691575280555,FORECAST,,,,,,,,,,,
1070,401869963,2026,9,2026-10-29 23:30:00,James Madison,Troy,False,True,Bridgeforth Stadium,0.9891437938172085,0.010856206182791484,James Madison,0.9891437938172085,Very High,2026-09-04 09:43:51 UTC,2026-10-29 23:30:00+00:00,1333.7691575280555,FORECAST,,,,,,,,,,,
1071,401862813,2026,9,2026-10-30 23:00:00,Charlotte,Tulane,False,True,Jerry Richardson Stadium,0.02666126183487889,0.9733387381651211,Tulane,0.9733387381651211,Very High,2026-09-04 09:43:51 UTC,2026-10-30 23:00:00+00:00,1357.2691575280555,FORECAST,,,,,,,,,,,
1073,401856844,2026,9,2026-10-30 23:30:00,UCF,Baylor,False,True,FBC Mortgage Stadium,0.8479323814467374,0.15206761855326256,UCF,0.8479323814467374,Very High,2026-09-04 09:43:51 UTC,2026-10-30 23:30:00+00:00,1357.7691575280555,FORECAST,,,,,,,,,,,
1074,401866451,2026,9,2026-10-31 02:30:00,Sacramento State,Kent State,False,True,Hornet Stadium,0.9444798095581469,0.05552019044185308,Sacramento State,0.9444798095581469,Very High,2026-09-04 09:43:51 UTC,2026-10-31 02:30:00+00:00,1360.7691575280555,FORECAST,,,,,,,,,,,
1117,401862816,2026,9,2026-10-31 04:00:00,South Florida,UAB,False,True,Raymond James Stadium,0.9982446777643657,0.001755322235634349,South Florida,0.9982446777643657,Very High,2026-09-04 09:43:51 UTC,2026-10-31 04:00:00+00:00,1362.2691575280555,FORECAST,,,,,,,,,,,
1118,401858506,2026,9,2026-10-31 04:00:00,Penn State,Purdue,False,True,Beaver Stadium,0.9964094389036117,0.003590561096388334,Penn State,0.9964094389036117,Very High,2026-09-04 09:43:51 UTC,2026-10-31 04:00:00+00:00,1362.2691575280555,FORECAST,,,,,,,,,,,
1096,401858505,2026,9,2026-10-31 04:00:00,Oregon,Northwestern,False,True,Autzen Stadium,0.996299494441141,0.003700505558859035,Oregon,0.996299494441141,Very High,2026-09-04 09:43:51 UTC,2026-10-31 04:00:00+00:00,1362.2691575280555,FORECAST,,,,,,,,,,,
1099,401858501,2026,9,2026-10-31 04:00:00,Indiana,Minnesota,False,True,"Memorial Stadium (Bloomington, IN)",0.9946287782830089,0.005371221716991115,Indiana,0.9946287782830089,Very High,2026-09-04 09:43:51 UTC,2026-10-31 04:00:00+00:00,1362.2691575280555,FORECAST,,,,,,,,,,,
1088,401864529,2026,9,2026-10-31 04:00:00,San José State,New Mexico,False,True,CEFCU Stadium,0.010972758612377476,0.9890272413876225,New Mexico,0.9890272413876225,Very High,2026-09-04 09:43:51 UTC,2026-10-31 04:00:00+00:00,1362.2691575280555,FORECAST,,,,,,,,,,,
1080,401856846,2026,9,2026-10-31 04:00:00,Colorado,Kansas State,False,True,Folsom Field,0.012310751237907598,0.9876892487620924,Kansas State,0.9876892487620924,Very High,2026-09-04 09:43:51 UTC,2026-10-31 04:00:00+00:00,1362.2691575280555,FORECAST,,,,,,,,,,,
1097,401858502,2026,9,2026-10-31 04:00:00,Iowa,Wisconsin,False,True,Kinnick Stadium,0.9835415941144481,0.01645840588555192,Iowa,0.9835415941144481,Very High,2026-09-04 09:43:51 UTC,2026-10-31 04:00:00+00:00,1362.2691575280555,FORECAST,,,,,,,,,,,
1086,401858283,2026,9,2026-10-31 04:00:00,Louisville,Stanford,False,True,L&N Federal Credit Union Stadium,0.9800690021162747,0.01993099788372532,Louisville,0.9800690021162747,Very High,2026-09-04 09:43:51 UTC,2026-10-31 04:00:00+00:00,1362.2691575280555,FORECAST,,,,,,,,,,,
1116,401858280,2026,9,2026-10-31 04:00:00,Florida State,Clemson,False,True,Doak Campbell Stadium,0.020055333959710108,0.9799446660402898,Clemson,0.9799446660402898,Very High,2026-09-04 09:43:51 UTC,2026-10-31 04:00:00+00:00,1362.2691575280555,FORECAST,,,,,,,,,,,
1105,401856847,2026,9,2026-10-31 04:00:00,Iowa State,Oklahoma State,False,True,Jack Trice Stadium,0.9779699300460947,0.02203006995390533,Iowa State,0.9779699300460947,Very High,2026-09-04 09:43:51 UTC,2026-10-31 04:00:00+00:00,1362.2691575280555,FORECAST,,,,,,,,,,,
1101,401858278,2026,9,2026-10-31 04:00:00,Syracuse,SMU,False,True,JMA Wireless Dome,0.02216926159431808,0.9778307384056819,SMU,0.9778307384056819,Very High,2026-09-04 09:43:51 UTC,2026-10-31 04:00:00+00:00,1362.2691575280555,FORECAST,,,,,,,,,,,
1090,401860924,2026,9,2026-10-31 04:00:00,Fresno State,Oregon State,False,True,Valley Children's Stadium,0.9732342993536255,0.026765700646374513,Fresno State,0.9732342993536255,Very High,2026-09-04 09:43:51 UTC,2026-10-31 04:00:00+00:00,1362.2691575280555,FORECAST,,,,,,,,,,,
1089,401858508,2026,9,2026-10-31 04:00:00,UCLA,Nevada,False,False,Rose Bowl,0.034842101225071434,0.9651578987749285,Nevada,0.9651578987749285,Very High,2026-09-04 09:43:51 UTC,2026-10-31 04:00:00+00:00,1362.2691575280555,FORECAST,,,,,,,,,,,
1077,401858507,2026,9,2026-10-31 04:00:00,Rutgers,Michigan,False,True,SHI Stadium,0.046453435045262406,0.9535465649547376,Michigan,0.9535465649547376,Very High,2026-09-04 09:43:51 UTC,2026-10-31 04:00:00+00:00,1362.2691575280555,FORECAST,,,,,,,,,,,
1113,401858277,2026,9,2026-10-31 04:00:00,NC State,California,False,True,Carter-Finley Stadium,0.9526924097219764,0.04730759027802356,NC State,0.9526924097219764,Very High,2026-09-04 09:43:51 UTC,2026-10-31 04:00:00+00:00,1362.2691575280555,FORECAST,,,,,,,,,,,
1076,401862815,2026,9,2026-10-31 04:00:00,East Carolina,Temple,False,True,Dowdy-Ficklen Stadium,0.9476416970086982,0.05235830299130184,East Carolina,0.9476416970086982,Very High,2026-09-04 09:43:51 UTC,2026-10-31 04:00:00+00:00,1362.2691575280555,FORECAST,,,,,,,,,,,
1120,401858282,2026,9,2026-10-31 04:00:00,North Carolina,Miami,False,True,Kenan Stadium,0.06222836008048395,0.9377716399195161,Miami,0.9377716399195161,Very High,2026-09-04 09:43:51 UTC,2026-10-31 04:00:00+00:00,1362.2691575280555,FORECAST,,,,,,,,,,,
1079,401856735,2026,9,2026-10-31 04:00:00,Ole Miss,Auburn,False,True,Vaught-Hemingway Stadium,0.9365563508931105,0.06344364910688949,Ole Miss,0.9365563508931105,Very High,2026-09-04 09:43:51 UTC,2026-10-31 04:00:00+00:00,1362.2691575280555,FORECAST,,,,,,,,,,,
1075,401856848,2026,9,2026-10-31 04:00:00,Cincinnati,Utah,False,True,Nippert Stadium,0.07310901590722174,0.9268909840927783,Utah,0.9268909840927783,Very High,2026-09-04 09:43:51 UTC,2026-10-31 04:00:00+00:00,1362.2691575280555,FORECAST,,,,,,,,,,,
1081,401858503,2026,9,2026-10-31 04:00:00,Maryland,Illinois,False,True,SECU Stadium,0.0747953014831551,0.925204698516845,Illinois,0.925204698516845,Very High,2026-09-04 09:43:51 UTC,2026-10-31 04:00:00+00:00,1362.2691575280555,FORECAST,,,,,,,,,,,
1098,401871096,2026,9,2026-10-31 04:00:00,Old Dominion,Marshall,False,True,S.B. Ballard Stadium,0.8824333657515628,0.11756663424843716,Old Dominion,0.8824333657515628,Very High,2026-09-04 09:43:51 UTC,2026-10-31 04:00:00+00:00,1362.2691575280555,FORECAST,,,,,,,,,,,
1107,401856845,2026,9,2026-10-31 04:00:00,TCU,Kansas,False,True,Amon G. Carter Stadium,0.8788189018989142,0.1211810981010858,TCU,0.8788189018989142,Very High,2026-09-04 09:43:51 UTC,2026-10-31 04:00:00+00:00,1362.2691575280555,FORECAST,,,,,,,,,,,
1115,401856733,2026,9,2026-10-31 04:00:00,Arkansas,Missouri,False,True,Razorback Stadium,0.12244005999140531,0.8775599400085947,Missouri,0.8775599400085947,Very High,2026-09-04 09:43:51 UTC,2026-10-31 04:00:00+00:00,1362.2691575280555,FORECAST,,,,,,,,,,,
1078,401862814,2026,9,2026-10-31 04:00:00,Memphis,Army,False,True,Simmons Bank Liberty Stadium,0.8625091745599589,0.1374908254400411,Memphis,0.8625091745599589,Very High,2026-09-04 09:43:51 UTC,2026-10-31 04:00:00+00:00,1362.2691575280555,FORECAST,,,,,,,,,,,
1083,401869846,2026,9,2026-10-31 04:00:00,Georgia Southern,App State,False,True,Allen E. Paulson Stadium,0.8417039851918937,0.1582960148081063,Georgia Southern,0.8417039851918937,Very High,2026-09-04 09:43:51 UTC,2026-10-31 04:00:00+00:00,1362.2691575280555,FORECAST,,,,,,,,,,,
1087,401858509,2026,9,2026-10-31 04:00:00,USC,Ohio State,False,True,Los Angeles Memorial Coliseum,0.1663198032879666,0.8336801967120334,Ohio State,0.8336801967120334,Very High,2026-09-04 09:43:51 UTC,2026-10-31 04:00:00+00:00,1362.2691575280555,FORECAST,,,,,,,,,,,
1093,401856737,2026,9,2026-10-31 04:00:00,Texas,Mississippi State,False,True,DKR-Texas Memorial Stadium,0.8223945046509004,0.17760549534909964,Texas,0.8223945046509004,Very High,2026-09-04 09:43:51 UTC,2026-10-31 04:00:00+00:00,1362.2691575280555,FORECAST,,,,,,,,,,,
1112,401856842,2026,9,2026-10-31 04:00:00,Texas Tech,Arizona,False,True,Jones AT&T Stadium,0.7455361298785922,0.2544638701214078,Texas Tech,0.7455361298785922,High,2026-09-04 09:43:51 UTC,2026-10-31 04:00:00+00:00,1362.2691575280555,FORECAST,,,,,,,,,,,
1114,401858504,2026,9,2026-10-31 04:00:00,Nebraska,Washington,False,True,"Memorial Stadium (Lincoln, NE)",0.3094090984570672,0.6905909015429328,Washington,0.6905909015429328,Moderate,2026-09-04 09:43:51 UTC,2026-10-31 04:00:00+00:00,1362.2691575280555,FORECAST,,,,,,,,,,,
1095,401858279,2026,9,2026-10-31 04:00:00,Duke,Boston College,False,True,Wallace Wade Stadium,0.6744871194778214,0.32551288052217864,Duke,0.6744871194778214,Moderate,2026-09-04 09:43:51 UTC,2026-10-31 04:00:00+00:00,1362.2691575280555,FORECAST,,,,,,,,,,,
1103,401869944,2026,9,2026-10-31 04:00:00,Georgia State,Coastal Carolina,False,True,Center Parc Stadium,0.650579497924769,0.349420502075231,Georgia State,0.650579497924769,Moderate,2026-09-04 09:43:51 UTC,2026-10-31 04:00:00+00:00,1362.2691575280555,FORECAST,,,,,,,,,,,
1111,401856843,2026,9,2026-10-31 04:00:00,BYU,Arizona State,False,True,LaVell Edwards Stadium,0.6183623873201132,0.38163761267988683,BYU,0.6183623873201132,Moderate,2026-09-04 09:43:51 UTC,2026-10-31 04:00:00+00:00,1362.2691575280555,FORECAST,,,,,,,,,,,
1102,401856736,2026,9,2026-10-31 04:00:00,Oklahoma,South Carolina,False,True,"Memorial Stadium (Norman, OK)",0.6175029697704555,0.3824970302295445,Oklahoma,0.6175029697704555,Moderate,2026-09-04 09:43:51 UTC,2026-10-31 04:00:00+00:00,1362.2691575280555,FORECAST,,,,,,,,,,,
1082,401858281,2026,9,2026-10-31 04:00:00,Pittsburgh,Georgia Tech,False,True,Acrisure Stadium,0.4092642306634806,0.5907357693365194,Georgia Tech,0.5907357693365194,Low,2026-09-04 09:43:51 UTC,2026-10-31 04:00:00+00:00,1362.2691575280555,FORECAST,,,,,,,,,,,
1110,401858284,2026,9,2026-10-31 04:00:00,Wake Forest,Virginia,False,True,Allegacy Federal Credit Union Stadium,0.5738020960111555,0.4261979039888445,Wake Forest,0.5738020960111555,Low,2026-09-04 09:43:51 UTC,2026-10-31 04:00:00+00:00,1362.2691575280555,FORECAST,,,,,,,,,,,
1119,401871097,2026,9,2026-10-31 04:00:00,South Alabama,Louisiana Tech,False,True,Hancock Whitney Stadium,0.5263944793803724,0.4736055206196276,South Alabama,0.5263944793803724,Low,2026-09-04 09:43:51 UTC,2026-10-31 04:00:00+00:00,1362.2691575280555,FORECAST,,,,,,,,,,,
1084,401871095,2026,9,2026-10-31 04:00:00,UL Monroe,Southern Miss,False,True,Malone Stadium,0.5107090449435606,0.4892909550564394,UL Monroe,0.5107090449435606,Low,2026-09-04 09:43:51 UTC,2026-10-31 04:00:00+00:00,1362.2691575280555,FORECAST,,,,,,,,,,,
1122,401866452,2026,9,2026-10-31 16:00:00,Western Michigan,Bowling Green,False,True,Waldo Stadium,0.946854166340134,0.053145833659866026,Western Michigan,0.946854166340134,Very High,2026-09-04 09:43:51 UTC,2026-10-31 16:00:00+00:00,1374.2691575280555,FORECAST,,,,,,,,,,,
1129,401859185,2026,9,2026-10-31 16:00:00,Navy,Notre Dame,True,False,Gillette Stadium,0.20886137157815096,0.791138628421849,Notre Dame,0.791138628421849,High,2026-09-04 09:43:51 UTC,2026-10-31 16:00:00+00:00,1374.2691575280555,FORECAST,,,,,,,,,,,
1161,401861966,2026,9,2026-10-31 19:00:00,Air Force,UConn,False,False,Falcon Stadium,0.24779570535807932,0.7522042946419207,UConn,0.7522042946419207,High,2026-09-04 09:43:51 UTC,2026-10-31 19:00:00+00:00,1377.2691575280555,FORECAST,,,,,,,,,,,
1169,401864531,2026,9,2026-10-31 19:30:00,North Dakota State,UTEP,False,True,Fargodome,0.9944401292264142,0.005559870773585773,North Dakota State,0.9944401292264142,Very High,2026-09-04 09:43:51 UTC,2026-10-31 19:30:00+00:00,1377.7691575280555,FORECAST,,,,,,,,,,,
1165,401860910,2026,9,2026-10-31 19:30:00,Utah State,Colorado State,False,True,Maverik Stadium,0.9755233051085976,0.024476694891402362,Utah State,0.9755233051085976,Very High,2026-09-04 09:43:51 UTC,2026-10-31 19:30:00+00:00,1377.7691575280555,FORECAST,,,,,,,,,,,
1170,401856734,2026,9,2026-10-31 19:30:00,Georgia,Florida,True,True,Mercedes-Benz Stadium,0.9325244574628343,0.0674755425371657,Georgia,0.9325244574628343,Very High,2026-09-04 09:43:51 UTC,2026-10-31 19:30:00+00:00,1377.7691575280555,FORECAST,,,,,,,,,,,
1167,401871059,2026,9,2026-10-31 19:30:00,Liberty,Florida International,False,True,Williams Stadium (VA),0.0744548809406434,0.9255451190593567,Florida International,0.9255451190593567,Very High,2026-09-04 09:43:51 UTC,2026-10-31 19:30:00+00:00,1377.7691575280555,FORECAST,,,,,,,,,,,
1178,401860909,2026,9,2026-10-31 23:00:00,San Diego State,Washington State,False,True,Snapdragon Stadium,0.8904073591396122,0.10959264086038778,San Diego State,0.8904073591396122,Very High,2026-09-04 09:43:51 UTC,2026-10-31 23:00:00+00:00,1381.2691575280555,FORECAST,,,,,,,,,,,
1180,401860908,2026,9,2026-11-01 02:00:00,Boise State,Texas State,False,True,Albertsons Stadium,0.18234607826825713,0.8176539217317429,Texas State,0.8176539217317429,Very High,2026-09-04 09:43:51 UTC,2026-11-01 02:00:00+00:00,1384.2691575280555,FORECAST,,,,,,,,,,,
1181,401864530,2026,9,2026-11-01 02:30:00,UNLV,Northern Illinois,False,True,Allegiant Stadium,0.9886930940464261,0.011306905953573865,UNLV,0.9886930940464261,Very High,2026-09-04 09:43:51 UTC,2026-11-01 02:30:00+00:00,1384.7691575280555,FORECAST,,,,,,,,,,,
1182,401866454,2026,10,2026-11-04 00:00:00,Miami (OH),Buffalo,False,True,Yager Stadium,0.9426632035220665,0.05733679647793355,Miami (OH),0.9426632035220665,Very High,2026-09-04 09:43:51 UTC,2026-11-04 00:00:00+00:00,1454.2691575280555,FORECAST,,,,,,,,,,,
1183,401866453,2026,10,2026-11-04 00:00:00,Akron,Ohio,False,True,InfoCision Stadium,0.19452031882913137,0.8054796811708687,Ohio,0.8054796811708687,Very High,2026-09-04 09:43:51 UTC,2026-11-04 00:00:00+00:00,1454.2691575280555,FORECAST,,,,,,,,,,,
1185,401866455,2026,10,2026-11-04 05:00:00,Massachusetts,Ball State,False,True,Warren McGuirk Alumni Stadium,0.29134218534981077,0.7086578146501892,Ball State,0.7086578146501892,High,2026-09-04 09:43:51 UTC,2026-11-04 05:00:00+00:00,1459.2691575280555,FORECAST,,,,,,,,,,,
1186,401866456,2026,10,2026-11-04 05:00:00,Eastern Michigan,Central Michigan,True,True,Ford Field,0.6728353131213654,0.32716468687863465,Eastern Michigan,0.6728353131213654,Moderate,2026-09-04 09:43:51 UTC,2026-11-04 05:00:00+00:00,1459.2691575280555,FORECAST,,,,,,,,,,,
1184,401866457,2026,10,2026-11-04 05:00:00,Sacramento State,Toledo,False,True,Hornet Stadium,0.39579541422007825,0.6042045857799218,Toledo,0.6042045857799218,Moderate,2026-09-04 09:43:51 UTC,2026-11-04 05:00:00+00:00,1459.2691575280555,FORECAST,,,,,,,,,,,
1189,401862817,2026,10,2026-11-06 01:00:00,Florida Atlantic,UTSA,False,True,FAU Stadium,0.02313337126665016,0.9768666287333498,UTSA,0.9768666287333498,Very High,2026-09-04 09:43:51 UTC,2026-11-06 01:00:00+00:00,1503.2691575280555,FORECAST,,,,,,,,,,,
1188,401869964,2026,10,2026-11-06 01:00:00,Southern Miss,James Madison,False,True,M. M. Roberts Stadium,0.21578063380223686,0.7842193661977631,James Madison,0.7842193661977631,High,2026-09-04 09:43:51 UTC,2026-11-06 01:00:00+00:00,1503.2691575280555,FORECAST,,,,,,,,,,,
1190,401858288,2026,10,2026-11-07 00:00:00,SMU,Virginia Tech,False,True,Gerald J. Ford Stadium,0.9674164577168836,0.03258354228311644,SMU,0.9674164577168836,Very High,2026-09-04 09:43:51 UTC,2026-11-07 00:00:00+00:00,1526.2691575280555,FORECAST,,,,,,,,,,,
1191,401862818,2026,10,2026-11-07 00:30:00,East Carolina,South Florida,False,True,Dowdy-Ficklen Stadium,0.20285239479807976,0.7971476052019202,South Florida,0.7971476052019202,High,2026-09-04 09:43:51 UTC,2026-11-07 00:30:00+00:00,1526.7691575280555,FORECAST,,,,,,,,,,,
1192,401858510,2026,10,2026-11-07 01:00:00,Illinois,Nebraska,False,True,"Memorial Stadium (Champaign, IL)",0.8491328430606654,0.1508671569393346,Illinois,0.8491328430606654,Very High,2026-09-04 09:43:51 UTC,2026-11-07 01:00:00+00:00,1527.2691575280555,FORECAST,,,,,,,,,,,
1193,401864533,2026,10,2026-11-07 02:00:00,Nevada,New Mexico,False,True,Mackay Stadium,0.35751425882209104,0.642485741177909,New Mexico,0.642485741177909,Moderate,2026-09-04 09:43:51 UTC,2026-11-07 02:00:00+00:00,1528.2691575280555,FORECAST,,,,,,,,,,,
1194,401856855,2026,10,2026-11-07 03:15:00,Arizona,TCU,False,True,Arizona Stadium,0.8250975285556718,0.17490247144432824,Arizona,0.8250975285556718,Very High,2026-09-04 09:43:51 UTC,2026-11-07 03:15:00+00:00,1529.5191575280555,FORECAST,,,,,,,,,,,
1213,401858285,2026,10,2026-11-07 05:00:00,Syracuse,Clemson,False,True,JMA Wireless Dome,0.008986168558445189,0.9910138314415549,Clemson,0.9910138314415549,Very High,2026-09-04 09:43:51 UTC,2026-11-07 05:00:00+00:00,1531.2691575280555,FORECAST,,,,,,,,,,,
1208,401856742,2026,10,2026-11-07 05:00:00,Mississippi State,Vanderbilt,False,True,Davis Wade Stadium,0.010264470209350248,0.9897355297906497,Vanderbilt,0.9897355297906497,Very High,2026-09-04 09:43:51 UTC,2026-11-07 05:00:00+00:00,1531.2691575280555,FORECAST,,,,,,,,,,,
1214,401862819,2026,10,2026-11-07 05:00:00,UAB,Charlotte,False,True,Protective Stadium,0.9893106186096079,0.010689381390392105,UAB,0.9893106186096079,Very High,2026-09-04 09:43:51 UTC,2026-11-07 05:00:00+00:00,1531.2691575280555,FORECAST,,,,,,,,,,,
1201,401862821,2026,10,2026-11-07 05:00:00,North Texas,Rice,False,True,DATCU Stadium,0.9863335081132243,0.013666491886775711,North Texas,0.9863335081132243,Very High,2026-09-04 09:43:51 UTC,2026-11-07 05:00:00+00:00,1531.2691575280555,FORECAST,,,,,,,,,,,
1236,401856854,2026,10,2026-11-07 05:00:00,Kansas State,Oklahoma State,False,True,Bill Snyder Family Stadium,0.9852425952936642,0.014757404706335797,Kansas State,0.9852425952936642,Very High,2026-09-04 09:43:51 UTC,2026-11-07 05:00:00+00:00,1531.2691575280555,FORECAST,,,,,,,,,,,
1203,401856738,2026,10,2026-11-07 05:00:00,Auburn,Arkansas,False,True,Jordan-Hare Stadium,0.9756634566156916,0.02433654338430835,Auburn,0.9756634566156916,Very High,2026-09-04 09:43:51 UTC,2026-11-07 05:00:00+00:00,1531.2691575280555,FORECAST,,,,,,,,,,,
1210,401856856,2026,10,2026-11-07 05:00:00,Texas Tech,West Virginia,False,True,Jones AT&T Stadium,0.9714213366152985,0.028578663384701497,Texas Tech,0.9714213366152985,Very High,2026-09-04 09:43:51 UTC,2026-11-07 05:00:00+00:00,1531.2691575280555,FORECAST,,,,,,,,,,,
1199,401856849,2026,10,2026-11-07 05:00:00,Utah,BYU,False,True,Rice-Eccles Stadium,0.9698001387654971,0.03019986123450291,Utah,0.9698001387654971,Very High,2026-09-04 09:43:51 UTC,2026-11-07 05:00:00+00:00,1531.2691575280555,FORECAST,,,,,,,,,,,
1219,401856852,2026,10,2026-11-07 05:00:00,Arizona State,Colorado,False,True,Mountain America Stadium,0.9651311570454695,0.03486884295453052,Arizona State,0.9651311570454695,Very High,2026-09-04 09:43:51 UTC,2026-11-07 05:00:00+00:00,1531.2691575280555,FORECAST,,,,,,,,,,,
1240,401864532,2026,10,2026-11-07 05:00:00,UTEP,Hawai'i,False,True,Sun Bowl,0.03789921034433289,0.9621007896556671,Hawai'i,0.9621007896556671,Very High,2026-09-04 09:43:51 UTC,2026-11-07 05:00:00+00:00,1531.2691575280555,FORECAST,,,,,,,,,,,
1224,401858517,2026,10,2026-11-07 05:00:00,Wisconsin,Rutgers,False,True,Camp Randall Stadium,0.929394868402598,0.070605131597402,Wisconsin,0.929394868402598,Very High,2026-09-04 09:43:51 UTC,2026-11-07 05:00:00+00:00,1531.2691575280555,FORECAST,,,,,,,,,,,
1196,401856744,2026,10,2026-11-07 05:00:00,South Carolina,Texas A&M,False,True,Williams-Brice Stadium,0.08681570388587176,0.9131842961141282,Texas A&M,0.9131842961141282,Very High,2026-09-04 09:43:51 UTC,2026-11-07 05:00:00+00:00,1531.2691575280555,FORECAST,,,,,,,,,,,
1222,401856745,2026,10,2026-11-07 05:00:00,Tennessee,Kentucky,False,True,Neyland Stadium,0.9055262843132015,0.09447371568679852,Tennessee,0.9055262843132015,Very High,2026-09-04 09:43:51 UTC,2026-11-07 05:00:00+00:00,1531.2691575280555,FORECAST,,,,,,,,,,,
1234,401862822,2026,10,2026-11-07 05:00:00,Tulane,Tulsa,False,True,Yulman Stadium,0.9017063601042254,0.09829363989577455,Tulane,0.9017063601042254,Very High,2026-09-04 09:43:51 UTC,2026-11-07 05:00:00+00:00,1531.2691575280555,FORECAST,,,,,,,,,,,
1212,401869945,2026,10,2026-11-07 05:00:00,Coastal Carolina,Old Dominion,False,True,Brooks Stadium (SC),0.10468847124817765,0.8953115287518223,Old Dominion,0.8953115287518223,Very High,2026-09-04 09:43:51 UTC,2026-11-07 05:00:00+00:00,1531.2691575280555,FORECAST,,,,,,,,,,,
1229,401856851,2026,10,2026-11-07 05:00:00,Houston,Cincinnati,False,True,TDECU Stadium,0.8891454566881084,0.1108545433118916,Houston,0.8891454566881084,Very High,2026-09-04 09:43:51 UTC,2026-11-07 05:00:00+00:00,1531.2691575280555,FORECAST,,,,,,,,,,,
1202,401871098,2026,10,2026-11-07 05:00:00,Troy,Louisiana Tech,False,True,Veterans Memorial Stadium (AL),0.11866889526629257,0.8813311047337075,Louisiana Tech,0.8813311047337075,Very High,2026-09-04 09:43:51 UTC,2026-11-07 05:00:00+00:00,1531.2691575280555,FORECAST,,,,,,,,,,,
1238,401856853,2026,10,2026-11-07 05:00:00,Baylor,Iowa State,False,True,McLane Stadium,0.14380590990793754,0.8561940900920625,Iowa State,0.8561940900920625,Very High,2026-09-04 09:43:51 UTC,2026-11-07 05:00:00+00:00,1531.2691575280555,FORECAST,,,,,,,,,,,
1195,401856741,2026,10,2026-11-07 05:00:00,Ole Miss,Georgia,False,True,Vaught-Hemingway Stadium,0.8448709151941992,0.1551290848058008,Ole Miss,0.8448709151941992,Very High,2026-09-04 09:43:51 UTC,2026-11-07 05:00:00+00:00,1531.2691575280555,FORECAST,,,,,,,,,,,
1235,401856739,2026,10,2026-11-07 05:00:00,Florida,Oklahoma,False,True,Ben Hill Griffin Stadium,0.15742573281550173,0.8425742671844982,Oklahoma,0.8425742671844982,Very High,2026-09-04 09:43:51 UTC,2026-11-07 05:00:00+00:00,1531.2691575280555,FORECAST,,,,,,,,,,,
1204,401858511,2026,10,2026-11-07 05:00:00,Michigan,Michigan State,False,True,Michigan Stadium,0.8407888273682864,0.15921117263171358,Michigan,0.8407888273682864,Very High,2026-09-04 09:43:51 UTC,2026-11-07 05:00:00+00:00,1531.2691575280555,FORECAST,,,,,,,,,,,
1206,401858515,2026,10,2026-11-07 05:00:00,Purdue,Maryland,False,True,Ross-Ade Stadium,0.1608386715226871,0.839161328477313,Maryland,0.839161328477313,Very High,2026-09-04 09:43:51 UTC,2026-11-07 05:00:00+00:00,1531.2691575280555,FORECAST,,,,,,,,,,,
1215,401858512,2026,10,2026-11-07 05:00:00,Minnesota,UCLA,False,True,Huntington Bank Stadium,0.8354658680295087,0.16453413197049127,Minnesota,0.8354658680295087,Very High,2026-09-04 09:43:51 UTC,2026-11-07 05:00:00+00:00,1531.2691575280555,FORECAST,,,,,,,,,,,
1227,401858516,2026,10,2026-11-07 05:00:00,Washington,Penn State,False,True,Husky Stadium,0.8231839441893065,0.17681605581069348,Washington,0.8231839441893065,Very High,2026-09-04 09:43:51 UTC,2026-11-07 05:00:00+00:00,1531.2691575280555,FORECAST,,,,,,,,,,,
1230,401858289,2026,10,2026-11-07 05:00:00,Boston College,Florida State,False,True,"Alumni Stadium (Chestnut Hill, MA)",0.8118705771903079,0.18812942280969214,Boston College,0.8118705771903079,Very High,2026-09-04 09:43:51 UTC,2026-11-07 05:00:00+00:00,1531.2691575280555,FORECAST,,,,,,,,,,,
1226,401864534,2026,10,2026-11-07 05:00:00,San José State,Northern Illinois,False,True,CEFCU Stadium,0.21064945094578238,0.7893505490542176,Northern Illinois,0.7893505490542176,High,2026-09-04 09:43:51 UTC,2026-11-07 05:00:00+00:00,1531.2691575280555,FORECAST,,,,,,,,,,,
1221,401858287,2026,10,2026-11-07 05:00:00,Georgia Tech,Louisville,False,True,Bobby Dodd Stadium,0.7413771035934544,0.25862289640654557,Georgia Tech,0.7413771035934544,High,2026-09-04 09:43:51 UTC,2026-11-07 05:00:00+00:00,1531.2691575280555,FORECAST,,,,,,,,,,,
1237,401856850,2026,10,2026-11-07 05:00:00,Kansas,UCF,False,True,Memorial Stadium,0.7386288430035524,0.26137115699644764,Kansas,0.7386288430035524,High,2026-09-04 09:43:51 UTC,2026-11-07 05:00:00+00:00,1531.2691575280555,FORECAST,,,,,,,,,,,
1200,401869968,2026,10,2026-11-07 05:00:00,Louisiana,South Alabama,False,True,Cajun Field,0.6945387695288882,0.30546123047111184,Louisiana,0.6945387695288882,Moderate,2026-09-04 09:43:51 UTC,2026-11-07 05:00:00+00:00,1531.2691575280555,FORECAST,,,,,,,,,,,
1207,401858513,2026,10,2026-11-07 05:00:00,Northwestern,Iowa,False,True,Ryan Field,0.36575957220763233,0.6342404277923677,Iowa,0.6342404277923677,Moderate,2026-09-04 09:43:51 UTC,2026-11-07 05:00:00+00:00,1531.2691575280555,FORECAST,,,,,,,,,,,
1197,401856743,2026,10,2026-11-07 05:00:00,Missouri,Texas,False,True,Memorial Stadium,0.42299847953213465,0.5770015204678653,Texas,0.5770015204678653,Low,2026-09-04 09:43:51 UTC,2026-11-07 05:00:00+00:00,1531.2691575280555,FORECAST,,,,,,,,,,,
1231,401858514,2026,10,2026-11-07 05:00:00,Ohio State,Oregon,False,True,Ohio Stadium,0.42536084178014727,0.5746391582198527,Oregon,0.5746391582198527,Low,2026-09-04 09:43:51 UTC,2026-11-07 05:00:00+00:00,1531.2691575280555,FORECAST,,,,,,,,,,,
1223,401856740,2026,10,2026-11-07 05:00:00,LSU,Alabama,False,True,Tiger Stadium (LA),0.44841237477374235,0.5515876252262577,Alabama,0.5515876252262577,Low,2026-09-04 09:43:51 UTC,2026-11-07 05:00:00+00:00,1531.2691575280555,FORECAST,,,,,,,,,,,
1205,401858286,2026,10,2026-11-07 05:00:00,NC State,Duke,False,True,Carter-Finley Stadium,0.4634356695615871,0.5365643304384129,Duke,0.5365643304384129,Low,2026-09-04 09:43:51 UTC,2026-11-07 05:00:00+00:00,1531.2691575280555,FORECAST,,,,,,,,,,,
1209,401869951,2026,10,2026-11-07 05:00:00,Georgia Southern,Marshall,False,True,Allen E. Paulson Stadium,0.5106128445872199,0.4893871554127801,Georgia Southern,0.5106128445872199,Low,2026-09-04 09:43:51 UTC,2026-11-07 05:00:00+00:00,1531.2691575280555,FORECAST,,,,,,,,,,,
1211,401869927,2026,10,2026-11-07 05:00:00,App State,Georgia State,False,True,Kidd Brewer Stadium,0.49788641820234175,0.5021135817976583,Georgia State,0.5021135817976583,Low,2026-09-04 09:43:51 UTC,2026-11-07 05:00:00+00:00,1531.2691575280555,FORECAST,,,,,,,,,,,
1241,401858290,2026,10,2026-11-07 17:00:00,Wake Forest,Merrimack,False,False,Allegacy Federal Credit Union Stadium,0.9305498547709442,0.06945014522905579,Wake Forest,0.9305498547709442,Very High,2026-09-04 09:43:51 UTC,2026-11-07 17:00:00+00:00,1543.2691575280555,FORECAST,,,,,,,,,,,
1242,401858292,2026,10,2026-11-07 17:00:00,UConn,North Carolina,False,False,Pratt & Whitney Stadium,0.9106465670824327,0.08935343291756725,UConn,0.9106465670824327,Very High,2026-09-04 09:43:51 UTC,2026-11-07 17:00:00+00:00,1543.2691575280555,FORECAST,,,,,,,,,,,
1216,401869936,2026,10,2026-11-07 20:00:00,Arkansas State,UL Monroe,False,True,Centennial Bank Stadium,0.9705715447943449,0.02942845520565507,Arkansas State,0.9705715447943449,Very High,2026-09-04 09:43:51 UTC,2026-11-07 20:00:00+00:00,1546.2691575280555,FORECAST,,,,,,,,,,,
1225,401871073,2026,10,2026-11-07 20:00:00,Kennesaw State,Delaware,False,True,Fifth Third Stadium,0.658371935498576,0.341628064501424,Kennesaw State,0.658371935498576,Moderate,2026-09-04 09:43:51 UTC,2026-11-07 20:00:00+00:00,1546.2691575280555,FORECAST,,,,,,,,,,,
1289,401862820,2026,10,2026-11-07 20:30:00,Navy,Temple,False,True,Navy-Marine Corps Memorial Stadium,0.9206471152106,0.07935288478939995,Navy,0.9206471152106,Very High,2026-09-04 09:43:51 UTC,2026-11-07 20:30:00+00:00,1546.7691575280555,FORECAST,,,,,,,,,,,
1220,401871076,2026,10,2026-11-07 20:30:00,Middle Tennessee,Western Kentucky,False,True,"Johnny ""Red"" Floyd Stadium",0.822337954807692,0.177662045192308,Middle Tennessee,0.822337954807692,Very High,2026-09-04 09:43:51 UTC,2026-11-07 20:30:00+00:00,1546.7691575280555,FORECAST,,,,,,,,,,,
1228,401871074,2026,10,2026-11-07 21:00:00,Florida International,Missouri State,False,True,Pitbull Stadium,0.8838565707705234,0.11614342922947662,Florida International,0.8838565707705234,Very High,2026-09-04 09:43:51 UTC,2026-11-07 21:00:00+00:00,1547.2691575280555,FORECAST,,,,,,,,,,,
1239,401870795,2026,10,2026-11-07 22:00:00,New Mexico State,Liberty,False,True,Aggie Memorial Stadium,0.4370650009330011,0.562934999066999,Liberty,0.562934999066999,Low,2026-09-04 09:43:51 UTC,2026-11-07 22:00:00+00:00,1548.2691575280555,FORECAST,,,,,,,,,,,
1296,401860911,2026,10,2026-11-07 23:00:00,Colorado State,Boise State,False,True,Canvas Stadium,0.009457288508077871,0.9905427114919221,Boise State,0.9905427114919221,Very High,2026-09-04 09:43:51 UTC,2026-11-07 23:00:00+00:00,1549.2691575280555,FORECAST,,,,,,,,,,,
1301,401871075,2026,10,2026-11-08 00:00:00,Jacksonville State,Sam Houston,False,True,AmFirst Stadium,0.9930844598105119,0.006915540189488145,Jacksonville State,0.9930844598105119,Very High,2026-09-04 09:43:51 UTC,2026-11-08 00:00:00+00:00,1550.2691575280555,FORECAST,,,,,,,,,,,
1304,401862823,2026,10,2026-11-08 00:30:00,Army,Air Force,False,False,Michie Stadium,0.838697139183564,0.16130286081643597,Army,0.838697139183564,Very High,2026-09-04 09:43:51 UTC,2026-11-08 00:30:00+00:00,1550.7691575280555,FORECAST,,,,,,,,,,,
1305,401858291,2026,10,2026-11-08 00:30:00,Notre Dame,Miami,False,False,Notre Dame Stadium,0.7879164724995068,0.2120835275004932,Notre Dame,0.7879164724995068,High,2026-09-04 09:43:51 UTC,2026-11-08 00:30:00+00:00,1550.7691575280555,FORECAST,,,,,,,,,,,
1306,401860913,2026,10,2026-11-08 02:30:00,Utah State,Fresno State,False,True,Maverik Stadium,0.6305802802447762,0.3694197197552238,Utah State,0.6305802802447762,Moderate,2026-09-04 09:43:51 UTC,2026-11-08 02:30:00+00:00,1552.7691575280555,FORECAST,,,,,,,,,,,
1308,401864535,2026,10,2026-11-08 03:30:00,UNLV,Wyoming,False,True,Allegiant Stadium,0.9976335674615326,0.0023664325384673557,UNLV,0.9976335674615326,Very High,2026-09-04 09:43:51 UTC,2026-11-08 03:30:00+00:00,1553.7691575280555,FORECAST,,,,,,,,,,,
1307,401860912,2026,10,2026-11-08 03:30:00,Oregon State,Texas State,False,True,Reser Stadium,0.5597952323802846,0.4402047676197154,Oregon State,0.5597952323802846,Low,2026-09-04 09:43:51 UTC,2026-11-08 03:30:00+00:00,1553.7691575280555,FORECAST,,,,,,,,,,,
1310,401866459,2026,11,2026-11-11 00:00:00,Bowling Green,Kent State,False,True,Doyt L. Perry Stadium,0.8614459865296356,0.13855401347036445,Bowling Green,0.8614459865296356,Very High,2026-09-04 09:43:51 UTC,2026-11-11 00:00:00+00:00,1622.2691575280555,FORECAST,,,,,,,,,,,
1309,401866460,2026,11,2026-11-11 00:00:00,Miami (OH),Ohio,False,True,Yager Stadium,0.28173192241105677,0.7182680775889432,Ohio,0.7182680775889432,High,2026-09-04 09:43:51 UTC,2026-11-11 00:00:00+00:00,1622.2691575280555,FORECAST,,,,,,,,,,,
1311,401866458,2026,11,2026-11-11 00:00:00,Akron,Western Michigan,False,True,InfoCision Stadium,0.5798216667925259,0.4201783332074741,Akron,0.5798216667925259,Low,2026-09-04 09:43:51 UTC,2026-11-11 00:00:00+00:00,1622.2691575280555,FORECAST,,,,,,,,,,,
1312,401866463,2026,11,2026-11-11 05:00:00,Toledo,Massachusetts,False,True,Glass Bowl,0.9897789022079755,0.010221097792024514,Toledo,0.9897789022079755,Very High,2026-09-04 09:43:51 UTC,2026-11-11 05:00:00+00:00,1627.2691575280555,FORECAST,,,,,,,,,,,
1314,401866462,2026,11,2026-11-11 05:00:00,Central Michigan,Sacramento State,False,True,Kelly/Shorts Stadium,0.2871475522957908,0.7128524477042092,Sacramento State,0.7128524477042092,High,2026-09-04 09:43:51 UTC,2026-11-11 05:00:00+00:00,1627.2691575280555,FORECAST,,,,,,,,,,,
1313,401866461,2026,11,2026-11-11 05:00:00,Ball State,Buffalo,False,True,Scheumann Stadium,0.4288456394462705,0.5711543605537295,Buffalo,0.5711543605537295,Low,2026-09-04 09:43:51 UTC,2026-11-11 05:00:00+00:00,1627.2691575280555,FORECAST,,,,,,,,,,,
1315,401862824,2026,11,2026-11-13 01:00:00,South Florida,Memphis,False,True,Raymond James Stadium,0.9978096837457971,0.002190316254202851,South Florida,0.9978096837457971,Very High,2026-09-04 09:43:51 UTC,2026-11-13 01:00:00+00:00,1671.2691575280555,FORECAST,,,,,,,,,,,
1316,401869969,2026,11,2026-11-13 02:00:00,UL Monroe,Louisiana,False,True,Malone Stadium,0.06554596543618982,0.9344540345638102,Louisiana,0.9344540345638102,Very High,2026-09-04 09:43:51 UTC,2026-11-13 02:00:00+00:00,1672.2691575280555,FORECAST,,,,,,,,,,,
1317,401858293,2026,11,2026-11-14 00:00:00,Pittsburgh,Florida State,False,True,Acrisure Stadium,0.5819797555724299,0.41802024442757013,Pittsburgh,0.5819797555724299,Low,2026-09-04 09:43:51 UTC,2026-11-14 00:00:00+00:00,1694.2691575280555,FORECAST,,,,,,,,,,,
1318,401858526,2026,11,2026-11-14 02:00:00,UCLA,Illinois,False,True,Rose Bowl,0.02831525895188579,0.9716847410481142,Illinois,0.9716847410481142,Very High,2026-09-04 09:43:51 UTC,2026-11-14 02:00:00+00:00,1696.2691575280555,FORECAST,,,,,,,,,,,
1320,401856860,2026,11,2026-11-14 03:15:00,Colorado,Houston,False,True,Folsom Field,0.02229477470054364,0.9777052252994564,Houston,0.9777052252994564,Very High,2026-09-04 09:43:51 UTC,2026-11-14 03:15:00+00:00,1697.5191575280555,FORECAST,,,,,,,,,,,
1327,401858519,2026,11,2026-11-14 05:00:00,Iowa,Purdue,False,True,Kinnick Stadium,0.9903567384949864,0.0096432615050136,Iowa,0.9903567384949864,Very High,2026-09-04 09:43:51 UTC,2026-11-14 05:00:00+00:00,1699.2691575280555,FORECAST,,,,,,,,,,,
1351,401858518,2026,11,2026-11-14 05:00:00,Indiana,USC,False,True,"Memorial Stadium (Bloomington, IN)",0.9872189513776873,0.012781048622312663,Indiana,0.9872189513776873,Very High,2026-09-04 09:43:51 UTC,2026-11-14 05:00:00+00:00,1699.2691575280555,FORECAST,,,,,,,,,,,
1347,401858522,2026,11,2026-11-14 05:00:00,Ohio State,Northwestern,False,True,Ohio Stadium,0.9855569096969191,0.014443090303080885,Ohio State,0.9855569096969191,Very High,2026-09-04 09:43:51 UTC,2026-11-14 05:00:00+00:00,1699.2691575280555,FORECAST,,,,,,,,,,,
1352,401858296,2026,11,2026-11-14 05:00:00,Miami,Duke,False,True,Hard Rock Stadium,0.98388111942098,0.01611888057902,Miami,0.98388111942098,Very High,2026-09-04 09:43:51 UTC,2026-11-14 05:00:00+00:00,1699.2691575280555,FORECAST,,,,,,,,,,,
1339,401871099,2026,11,2026-11-14 05:00:00,Louisiana Tech,Southern Miss,False,True,Joe Aillet Stadium,0.9756527069766713,0.02434729302332872,Louisiana Tech,0.9756527069766713,Very High,2026-09-04 09:43:51 UTC,2026-11-14 05:00:00+00:00,1699.2691575280555,FORECAST,,,,,,,,,,,
1337,401858300,2026,11,2026-11-14 05:00:00,NC State,Syracuse,False,True,Carter-Finley Stadium,0.9748323578828209,0.025167642117179145,NC State,0.9748323578828209,Very High,2026-09-04 09:43:51 UTC,2026-11-14 05:00:00+00:00,1699.2691575280555,FORECAST,,,,,,,,,,,
1328,401862825,2026,11,2026-11-14 05:00:00,Charlotte,East Carolina,False,True,Jerry Richardson Stadium,0.029563951873086566,0.9704360481269134,East Carolina,0.9704360481269134,Very High,2026-09-04 09:43:51 UTC,2026-11-14 05:00:00+00:00,1699.2691575280555,FORECAST,,,,,,,,,,,
1346,401862826,2026,11,2026-11-14 05:00:00,Tulsa,Florida Atlantic,False,True,Chapman Stadium,0.9696798222038947,0.030320177796105297,Tulsa,0.9696798222038947,Very High,2026-09-04 09:43:51 UTC,2026-11-14 05:00:00+00:00,1699.2691575280555,FORECAST,,,,,,,,,,,
1344,401858524,2026,11,2026-11-14 05:00:00,Penn State,Minnesota,False,True,Beaver Stadium,0.9696753444355968,0.030324655564403225,Penn State,0.9696753444355968,Very High,2026-09-04 09:43:51 UTC,2026-11-14 05:00:00+00:00,1699.2691575280555,FORECAST,,,,,,,,,,,
1332,401858301,2026,11,2026-11-14 05:00:00,SMU,Wake Forest,False,True,Gerald J. Ford Stadium,0.9636528236594389,0.03634717634056106,SMU,0.9636528236594389,Very High,2026-09-04 09:43:51 UTC,2026-11-14 05:00:00+00:00,1699.2691575280555,FORECAST,,,,,,,,,,,
1345,401858295,2026,11,2026-11-14 05:00:00,Virginia,California,False,True,Scott Stadium,0.9599686315275792,0.040031368472420836,Virginia,0.9599686315275792,Very High,2026-09-04 09:43:51 UTC,2026-11-14 05:00:00+00:00,1699.2691575280555,FORECAST,,,,,,,,,,,
1334,401856886,2026,11,2026-11-14 05:00:00,Mississippi State,Auburn,False,True,Davis Wade Stadium,0.05045759406431849,0.9495424059356815,Auburn,0.9495424059356815,Very High,2026-09-04 09:43:51 UTC,2026-11-14 05:00:00+00:00,1699.2691575280555,FORECAST,,,,,,,,,,,
1358,401862828,2026,11,2026-11-14 05:00:00,Rice,Tulane,False,True,Rice Stadium,0.05110159965551945,0.9488984003444806,Tulane,0.9488984003444806,Very High,2026-09-04 09:43:51 UTC,2026-11-14 05:00:00+00:00,1699.2691575280555,FORECAST,,,,,,,,,,,
1374,401856863,2026,11,2026-11-14 05:00:00,Oklahoma State,Texas Tech,False,True,Boone Pickens Stadium,0.05160887899791403,0.948391121002086,Texas Tech,0.948391121002086,Very High,2026-09-04 09:43:51 UTC,2026-11-14 05:00:00+00:00,1699.2691575280555,FORECAST,,,,,,,,,,,
1333,401856883,2026,11,2026-11-14 05:00:00,Georgia,Missouri,False,True,Sanford Stadium,0.9445431186080497,0.05545688139195026,Georgia,0.9445431186080497,Very High,2026-09-04 09:43:51 UTC,2026-11-14 05:00:00+00:00,1699.2691575280555,FORECAST,,,,,,,,,,,
1362,401856888,2026,11,2026-11-14 05:00:00,Texas A&M,Tennessee,False,True,Kyle Field,0.9421692850944255,0.057830714905574454,Texas A&M,0.9421692850944255,Very High,2026-09-04 09:43:51 UTC,2026-11-14 05:00:00+00:00,1699.2691575280555,FORECAST,,,,,,,,,,,
1356,401858523,2026,11,2026-11-14 05:00:00,Oregon,Michigan,False,True,Autzen Stadium,0.9174339223818633,0.08256607761813672,Oregon,0.9174339223818633,Very High,2026-09-04 09:43:51 UTC,2026-11-14 05:00:00+00:00,1699.2691575280555,FORECAST,,,,,,,,,,,
1342,401856882,2026,11,2026-11-14 05:00:00,Arkansas,South Carolina,False,True,Razorback Stadium,0.0964158914288268,0.9035841085711732,South Carolina,0.9035841085711732,Very High,2026-09-04 09:43:51 UTC,2026-11-14 05:00:00+00:00,1699.2691575280555,FORECAST,,,,,,,,,,,
1331,401869937,2026,11,2026-11-14 05:00:00,Coastal Carolina,Arkansas State,False,True,Brooks Stadium (SC),0.1001518617560105,0.8998481382439895,Arkansas State,0.8998481382439895,Very High,2026-09-04 09:43:51 UTC,2026-11-14 05:00:00+00:00,1699.2691575280555,FORECAST,,,,,,,,,,,
1340,401869928,2026,11,2026-11-14 05:00:00,Marshall,App State,False,True,Joan C. Edwards Stadium,0.8915236399166792,0.10847636008332084,Marshall,0.8915236399166792,Very High,2026-09-04 09:43:51 UTC,2026-11-14 05:00:00+00:00,1699.2691575280555,FORECAST,,,,,,,,,,,
1359,401871100,2026,11,2026-11-14 05:00:00,South Alabama,Troy,False,True,Hancock Whitney Stadium,0.8781558303400362,0.12184416965996381,South Alabama,0.8781558303400362,Very High,2026-09-04 09:43:51 UTC,2026-11-14 05:00:00+00:00,1699.2691575280555,FORECAST,,,,,,,,,,,
1322,401864540,2026,11,2026-11-14 05:00:00,UTEP,Wyoming,False,True,Sun Bowl,0.8544184746201996,0.1455815253798004,UTEP,0.8544184746201996,Very High,2026-09-04 09:43:51 UTC,2026-11-14 05:00:00+00:00,1699.2691575280555,FORECAST,,,,,,,,,,,
1353,401864536,2026,11,2026-11-14 05:00:00,Northern Illinois,Nevada,False,True,Huskie Stadium,0.8424921074680956,0.15750789253190445,Northern Illinois,0.8424921074680956,Very High,2026-09-04 09:43:51 UTC,2026-11-14 05:00:00+00:00,1699.2691575280555,FORECAST,,,,,,,,,,,
1365,401858298,2026,11,2026-11-14 05:00:00,North Carolina,Louisville,False,True,Kenan Stadium,0.16676998314805302,0.833230016851947,Louisville,0.833230016851947,Very High,2026-09-04 09:43:51 UTC,2026-11-14 05:00:00+00:00,1699.2691575280555,FORECAST,,,,,,,,,,,
1323,401869952,2026,11,2026-11-14 05:00:00,Georgia State,Georgia Southern,False,True,Center Parc Stadium,0.1787196403937345,0.8212803596062654,Georgia Southern,0.8212803596062654,Very High,2026-09-04 09:43:51 UTC,2026-11-14 05:00:00+00:00,1699.2691575280555,FORECAST,,,,,,,,,,,
1375,401856889,2026,11,2026-11-14 05:00:00,Vanderbilt,Alabama,False,True,FirstBank Stadium,0.8148463169994834,0.1851536830005166,Vanderbilt,0.8148463169994834,Very High,2026-09-04 09:43:51 UTC,2026-11-14 05:00:00+00:00,1699.2691575280555,FORECAST,,,,,,,,,,,
1354,401856859,2026,11,2026-11-14 05:00:00,Iowa State,Cincinnati,False,True,Jack Trice Stadium,0.7975220340571911,0.20247796594280887,Iowa State,0.7975220340571911,High,2026-09-04 09:43:51 UTC,2026-11-14 05:00:00+00:00,1699.2691575280555,FORECAST,,,,,,,,,,,
1368,401856862,2026,11,2026-11-14 05:00:00,TCU,Kansas State,False,True,Amon G. Carter Stadium,0.7695609831502522,0.23043901684974777,TCU,0.7695609831502522,High,2026-09-04 09:43:51 UTC,2026-11-14 05:00:00+00:00,1699.2691575280555,FORECAST,,,,,,,,,,,
1324,401858299,2026,11,2026-11-14 05:00:00,Virginia Tech,Stanford,False,True,Lane Stadium,0.7574505659441838,0.2425494340558162,Virginia Tech,0.7574505659441838,High,2026-09-04 09:43:51 UTC,2026-11-14 05:00:00+00:00,1699.2691575280555,FORECAST,,,,,,,,,,,
1370,401856857,2026,11,2026-11-14 05:00:00,UCF,Arizona State,False,True,FBC Mortgage Stadium,0.2568194784297899,0.7431805215702101,Arizona State,0.7431805215702101,High,2026-09-04 09:43:51 UTC,2026-11-14 05:00:00+00:00,1699.2691575280555,FORECAST,,,,,,,,,,,
1357,401856858,2026,11,2026-11-14 05:00:00,BYU,Baylor,False,True,LaVell Edwards Stadium,0.7364623903048332,0.2635376096951668,BYU,0.7364623903048332,High,2026-09-04 09:43:51 UTC,2026-11-14 05:00:00+00:00,1699.2691575280555,FORECAST,,,,,,,,,,,
1355,401856864,2026,11,2026-11-14 05:00:00,Arizona,Utah,False,True,Arizona Stadium,0.7238586840840959,0.2761413159159041,Arizona,0.7238586840840959,High,2026-09-04 09:43:51 UTC,2026-11-14 05:00:00+00:00,1699.2691575280555,FORECAST,,,,,,,,,,,
1361,401856887,2026,11,2026-11-14 05:00:00,Oklahoma,Ole Miss,False,True,"Memorial Stadium (Norman, OK)",0.27818070354505314,0.7218192964549468,Ole Miss,0.7218192964549468,High,2026-09-04 09:43:51 UTC,2026-11-14 05:00:00+00:00,1699.2691575280555,FORECAST,,,,,,,,,,,
1349,401858525,2026,11,2026-11-14 05:00:00,Rutgers,Nebraska,False,True,SHI Stadium,0.29991386760972266,0.7000861323902774,Nebraska,0.7000861323902774,High,2026-09-04 09:43:51 UTC,2026-11-14 05:00:00+00:00,1699.2691575280555,FORECAST,,,,,,,,,,,
1364,401858521,2026,11,2026-11-14 05:00:00,Michigan State,Washington,False,True,Spartan Stadium,0.33476761306817115,0.6652323869318288,Washington,0.6652323869318288,Moderate,2026-09-04 09:43:51 UTC,2026-11-14 05:00:00+00:00,1699.2691575280555,FORECAST,,,,,,,,,,,
1343,401862829,2026,11,2026-11-14 05:00:00,Temple,UAB,False,True,Lincoln Financial Field,0.6589029932208773,0.3410970067791227,Temple,0.6589029932208773,Moderate,2026-09-04 09:43:51 UTC,2026-11-14 05:00:00+00:00,1699.2691575280555,FORECAST,,,,,,,,,,,
1329,401858297,2026,11,2026-11-14 05:00:00,Clemson,Georgia Tech,False,True,"Memorial Stadium (Clemson, SC)",0.6476902319304245,0.3523097680695755,Clemson,0.6476902319304245,Moderate,2026-09-04 09:43:51 UTC,2026-11-14 05:00:00+00:00,1699.2691575280555,FORECAST,,,,,,,,,,,
1326,401862827,2026,11,2026-11-14 05:00:00,UTSA,North Texas,False,True,Alamodome,0.4562366555507008,0.5437633444492992,North Texas,0.5437633444492992,Low,2026-09-04 09:43:51 UTC,2026-11-14 05:00:00+00:00,1699.2691575280555,FORECAST,,,,,,,,,,,
1336,401856885,2026,11,2026-11-14 05:00:00,LSU,Texas,False,True,Tiger Stadium (LA),0.46361965138777544,0.5363803486122245,Texas,0.5363803486122245,Low,2026-09-04 09:43:51 UTC,2026-11-14 05:00:00+00:00,1699.2691575280555,FORECAST,,,,,,,,,,,
1376,401856861,2026,11,2026-11-14 05:00:00,West Virginia,Kansas,False,True,Milan Puskar Stadium,0.46421107977829706,0.535788920221703,Kansas,0.535788920221703,Low,2026-09-04 09:43:51 UTC,2026-11-14 05:00:00+00:00,1699.2691575280555,FORECAST,,,,,,,,,,,
1348,401858520,2026,11,2026-11-14 05:00:00,Maryland,Wisconsin,False,True,SECU Stadium,0.4677523342461821,0.5322476657538179,Wisconsin,0.5322476657538179,Low,2026-09-04 09:43:51 UTC,2026-11-14 05:00:00+00:00,1699.2691575280555,FORECAST,,,,,,,,,,,
1341,401856884,2026,11,2026-11-14 05:00:00,Kentucky,Florida,False,True,Kroger Field,0.5089430148199204,0.49105698518007956,Kentucky,0.5089430148199204,Low,2026-09-04 09:43:51 UTC,2026-11-14 05:00:00+00:00,1699.2691575280555,FORECAST,,,,,,,,,,,
1388,401861967,2026,11,2026-11-14 17:00:00,UConn,James Madison,False,False,Pratt & Whitney Stadium,0.36219909671068135,0.6378009032893186,James Madison,0.6378009032893186,Moderate,2026-09-04 09:43:51 UTC,2026-11-14 17:00:00+00:00,1711.2691575280555,FORECAST,,,,,,,,,,,
1373,401870769,2026,11,2026-11-14 19:00:00,Sam Houston,Kennesaw State,False,True,Elliott T. Bowers Stadium,0.02807276393805978,0.9719272360619402,Kennesaw State,0.9719272360619402,Very High,2026-09-04 09:43:51 UTC,2026-11-14 19:00:00+00:00,1713.2691575280555,FORECAST,,,,,,,,,,,
1338,401871060,2026,11,2026-11-14 20:00:00,Delaware,Florida International,False,True,Delaware Stadium,0.03935349670792225,0.9606465032920778,Florida International,0.9606465032920778,Very High,2026-09-04 09:43:51 UTC,2026-11-14 20:00:00+00:00,1714.2691575280555,FORECAST,,,,,,,,,,,
1369,401870796,2026,11,2026-11-14 20:00:00,Missouri State,New Mexico State,False,True,Plaster Sports Complex,0.8266709004163808,0.1733290995836192,Missouri State,0.8266709004163808,Very High,2026-09-04 09:43:51 UTC,2026-11-14 20:00:00+00:00,1714.2691575280555,FORECAST,,,,,,,,,,,
1425,401858294,2026,11,2026-11-14 20:30:00,Notre Dame,Boston College,False,False,Notre Dame Stadium,0.9950482456274574,0.004951754372542583,Notre Dame,0.9950482456274574,Very High,2026-09-04 09:43:51 UTC,2026-11-14 20:30:00+00:00,1714.7691575280555,FORECAST,,,,,,,,,,,
1426,401871061,2026,11,2026-11-14 20:30:00,Liberty,Middle Tennessee,False,True,Williams Stadium (VA),0.3165488808653836,0.6834511191346164,Middle Tennessee,0.6834511191346164,Moderate,2026-09-04 09:43:51 UTC,2026-11-14 20:30:00+00:00,1714.7691575280555,FORECAST,,,,,,,,,,,
1350,401870752,2026,11,2026-11-14 20:30:00,Western Kentucky,Jacksonville State,False,True,Houchens Industries-L.T. Smith Stadium,0.342379455963668,0.6576205440363321,Jacksonville State,0.6576205440363321,Moderate,2026-09-04 09:43:51 UTC,2026-11-14 20:30:00+00:00,1714.7691575280555,FORECAST,,,,,,,,,,,
1431,401860916,2026,11,2026-11-14 21:00:00,Texas State,Fresno State,False,True,Bobcat Stadium (TX),0.952423846769995,0.04757615323000497,Texas State,0.952423846769995,Very High,2026-09-04 09:43:51 UTC,2026-11-14 21:00:00+00:00,1715.2691575280555,FORECAST,,,,,,,,,,,
1432,401860914,2026,11,2026-11-14 23:00:00,Boise State,Oregon State,False,True,Albertsons Stadium,0.9173737622306439,0.08262623776935607,Boise State,0.9173737622306439,Very High,2026-09-04 09:43:51 UTC,2026-11-14 23:00:00+00:00,1717.2691575280555,FORECAST,,,,,,,,,,,
1434,401864538,2026,11,2026-11-15 00:00:00,Air Force,San José State,False,True,Falcon Stadium,0.8591170634380245,0.14088293656197548,Air Force,0.8591170634380245,Very High,2026-09-04 09:43:51 UTC,2026-11-15 00:00:00+00:00,1718.2691575280555,FORECAST,,,,,,,,,,,
1436,401864539,2026,11,2026-11-15 00:30:00,New Mexico,UNLV,False,True,University Stadium (NM),0.129530241158155,0.870469758841845,UNLV,0.870469758841845,Very High,2026-09-04 09:43:51 UTC,2026-11-15 00:30:00+00:00,1718.7691575280555,FORECAST,,,,,,,,,,,
1437,401860915,2026,11,2026-11-15 02:30:00,San Diego State,Utah State,False,True,Snapdragon Stadium,0.7835153793149321,0.2164846206850679,San Diego State,0.7835153793149321,High,2026-09-04 09:43:51 UTC,2026-11-15 02:30:00+00:00,1720.7691575280555,FORECAST,,,,,,,,,,,
1438,401860917,2026,11,2026-11-15 03:30:00,Washington State,Colorado State,False,True,Gesa Field,0.9679553870452217,0.03204461295477834,Washington State,0.9679553870452217,Very High,2026-09-04 09:43:51 UTC,2026-11-15 03:30:00+00:00,1721.7691575280555,FORECAST,,,,,,,,,,,
1440,401864537,2026,11,2026-11-15 04:59:00,Hawai'i,North Dakota State,False,True,Clarence T.C. Ching Athletics Complex,0.838553107733536,0.16144689226646403,Hawai'i,0.838553107733536,Very High,2026-09-04 09:43:51 UTC,2026-11-15 04:59:00+00:00,1723.2524908613889,FORECAST,,,,,,,,,,,
1442,401866464,2026,12,2026-11-18 00:00:00,Ohio,Ball State,False,True,Peden Stadium,0.9920241537190622,0.007975846280937837,Ohio,0.9920241537190622,Very High,2026-09-04 09:43:51 UTC,2026-11-18 00:00:00+00:00,1790.2691575280555,FORECAST,,,,,,,,,,,
1443,401866465,2026,12,2026-11-18 00:00:00,Western Michigan,Eastern Michigan,False,True,Waldo Stadium,0.7537991754637633,0.2462008245362367,Western Michigan,0.7537991754637633,High,2026-09-04 09:43:51 UTC,2026-11-18 00:00:00+00:00,1790.2691575280555,FORECAST,,,,,,,,,,,
1441,401866466,2026,12,2026-11-18 00:00:00,Kent State,Miami (OH),False,True,Dix Stadium,0.512359072581409,0.487640927418591,Kent State,0.512359072581409,Low,2026-09-04 09:43:51 UTC,2026-11-18 00:00:00+00:00,1790.2691575280555,FORECAST,,,,,,,,,,,
1445,401866467,2026,12,2026-11-18 05:00:00,Massachusetts,Akron,False,True,Warren McGuirk Alumni Stadium,0.027405881898957117,0.9725941181010429,Akron,0.9725941181010429,Very High,2026-09-04 09:43:51 UTC,2026-11-18 05:00:00+00:00,1795.2691575280555,FORECAST,,,,,,,,,,,
1444,401866469,2026,12,2026-11-18 05:00:00,Buffalo,Central Michigan,False,True,UB Stadium,0.12762302752217375,0.8723769724778263,Central Michigan,0.8723769724778263,Very High,2026-09-04 09:43:51 UTC,2026-11-18 05:00:00+00:00,1795.2691575280555,FORECAST,,,,,,,,,,,
1449,401862830,2026,12,2026-11-20 00:30:00,Temple,Rice,False,True,Lincoln Financial Field,0.5912036145895936,0.4087963854104064,Temple,0.5912036145895936,Low,2026-09-04 09:43:51 UTC,2026-11-20 00:30:00+00:00,1838.7691575280555,FORECAST,,,,,,,,,,,
1450,401856869,2026,12,2026-11-20 23:00:00,UCF,Iowa State,False,True,FBC Mortgage Stadium,0.221193508752817,0.778806491247183,Iowa State,0.778806491247183,High,2026-09-04 09:43:51 UTC,2026-11-20 23:00:00+00:00,1861.2691575280555,FORECAST,,,,,,,,,,,
1451,401866468,2026,12,2026-11-21 00:30:00,Toledo,Bowling Green,False,True,Glass Bowl,0.9865288010115414,0.01347119898845861,Toledo,0.9865288010115414,Very High,2026-09-04 09:43:51 UTC,2026-11-21 00:30:00+00:00,1862.7691575280555,FORECAST,,,,,,,,,,,
1452,401858303,2026,12,2026-11-21 00:30:00,Duke,Clemson,False,True,Wallace Wade Stadium,0.05487244886755884,0.9451275511324412,Clemson,0.9451275511324412,Very High,2026-09-04 09:43:51 UTC,2026-11-21 00:30:00+00:00,1862.7691575280555,FORECAST,,,,,,,,,,,
1453,401864545,2026,12,2026-11-21 01:00:00,Air Force,UTEP,False,True,Falcon Stadium,0.9248684606991985,0.07513153930080152,Air Force,0.9248684606991985,Very High,2026-09-04 09:43:51 UTC,2026-11-21 01:00:00+00:00,1863.2691575280555,FORECAST,,,,,,,,,,,
1454,401858529,2026,12,2026-11-21 01:00:00,Michigan State,Oregon,False,True,Spartan Stadium,0.37479742497881013,0.6252025750211898,Oregon,0.6252025750211898,Moderate,2026-09-04 09:43:51 UTC,2026-11-21 01:00:00+00:00,1863.2691575280555,FORECAST,,,,,,,,,,,
1487,401862832,2026,12,2026-11-21 05:00:00,Tulsa,Charlotte,False,True,Chapman Stadium,0.9967209538630312,0.003279046136968833,Tulsa,0.9967209538630312,Very High,2026-09-04 09:43:51 UTC,2026-11-21 05:00:00+00:00,1867.2691575280555,FORECAST,,,,,,,,,,,
1494,401858532,2026,12,2026-11-21 05:00:00,Penn State,Rutgers,False,True,Beaver Stadium,0.9898997159474301,0.010100284052569908,Penn State,0.9898997159474301,Very High,2026-09-04 09:43:51 UTC,2026-11-21 05:00:00+00:00,1867.2691575280555,FORECAST,,,,,,,,,,,
1457,401869958,2026,12,2026-11-21 05:00:00,Marshall,Georgia State,False,True,Joan C. Edwards Stadium,0.989881283453887,0.01011871654611296,Marshall,0.989881283453887,Very High,2026-09-04 09:43:51 UTC,2026-11-21 05:00:00+00:00,1867.2691575280555,FORECAST,,,,,,,,,,,
1475,401858309,2026,12,2026-11-21 05:00:00,Boston College,Syracuse,False,True,"Alumni Stadium (Chestnut Hill, MA)",0.979660925553984,0.020339074446016014,Boston College,0.979660925553984,Very High,2026-09-04 09:43:51 UTC,2026-11-21 05:00:00+00:00,1867.2691575280555,FORECAST,,,,,,,,,,,
1460,401858305,2026,12,2026-11-21 05:00:00,Virginia,North Carolina,False,True,Scott Stadium,0.9767166509056564,0.023283349094343597,Virginia,0.9767166509056564,Very High,2026-09-04 09:43:51 UTC,2026-11-21 05:00:00+00:00,1867.2691575280555,FORECAST,,,,,,,,,,,
1490,401862836,2026,12,2026-11-21 05:00:00,UAB,UTSA,False,True,Protective Stadium,0.024280760668381526,0.9757192393316185,UTSA,0.9757192393316185,Very High,2026-09-04 09:43:51 UTC,2026-11-21 05:00:00+00:00,1867.2691575280555,FORECAST,,,,,,,,,,,
1478,401856871,2026,12,2026-11-21 05:00:00,Baylor,Texas Tech,False,True,McLane Stadium,0.027848236681667204,0.9721517633183328,Texas Tech,0.9721517633183328,Very High,2026-09-04 09:43:51 UTC,2026-11-21 05:00:00+00:00,1867.2691575280555,FORECAST,,,,,,,,,,,
1493,401856751,2026,12,2026-11-21 05:00:00,Missouri,Kentucky,False,True,Memorial Stadium,0.9708724674204688,0.029127532579531157,Missouri,0.9708724674204688,Very High,2026-09-04 09:43:51 UTC,2026-11-21 05:00:00+00:00,1867.2691575280555,FORECAST,,,,,,,,,,,
1497,401858306,2026,12,2026-11-21 05:00:00,Louisville,Pittsburgh,False,True,L&N Federal Credit Union Stadium,0.9697215516902425,0.030278448309757455,Louisville,0.9697215516902425,Very High,2026-09-04 09:43:51 UTC,2026-11-21 05:00:00+00:00,1867.2691575280555,FORECAST,,,,,,,,,,,
1498,401856868,2026,12,2026-11-21 05:00:00,West Virginia,Houston,False,True,Milan Puskar Stadium,0.031667640319810515,0.9683323596801895,Houston,0.9683323596801895,Very High,2026-09-04 09:43:51 UTC,2026-11-21 05:00:00+00:00,1867.2691575280555,FORECAST,,,,,,,,,,,
1461,401869946,2026,12,2026-11-21 05:00:00,Louisiana,Coastal Carolina,False,True,Cajun Field,0.9643244845657137,0.035675515434286265,Louisiana,0.9643244845657137,Very High,2026-09-04 09:43:51 UTC,2026-11-21 05:00:00+00:00,1867.2691575280555,FORECAST,,,,,,,,,,,
1492,401858528,2026,12,2026-11-21 05:00:00,Michigan,UCLA,False,True,Michigan Stadium,0.9565522975858982,0.043447702414101785,Michigan,0.9565522975858982,Very High,2026-09-04 09:43:51 UTC,2026-11-21 05:00:00+00:00,1867.2691575280555,FORECAST,,,,,,,,,,,
1488,401856866,2026,12,2026-11-21 05:00:00,Kansas,BYU,False,True,Memorial Stadium,0.05368823984204105,0.9463117601579589,BYU,0.9463117601579589,Very High,2026-09-04 09:43:51 UTC,2026-11-21 05:00:00+00:00,1867.2691575280555,FORECAST,,,,,,,,,,,
1471,401862833,2026,12,2026-11-21 05:00:00,Florida Atlantic,South Florida,False,True,FAU Stadium,0.05565140362876776,0.9443485963712323,South Florida,0.9443485963712323,Very High,2026-09-04 09:43:51 UTC,2026-11-21 05:00:00+00:00,1867.2691575280555,FORECAST,,,,,,,,,,,
1499,401856753,2026,12,2026-11-21 05:00:00,South Carolina,Georgia,False,True,Williams-Brice Stadium,0.056164298780611924,0.9438357012193881,Georgia,0.9438357012193881,Very High,2026-09-04 09:43:51 UTC,2026-11-21 05:00:00+00:00,1867.2691575280555,FORECAST,,,,,,,,,,,
1470,401856867,2026,12,2026-11-21 05:00:00,Cincinnati,Colorado,False,True,Nippert Stadium,0.9389068187652946,0.06109318123470542,Cincinnati,0.9389068187652946,Very High,2026-09-04 09:43:51 UTC,2026-11-21 05:00:00+00:00,1867.2691575280555,FORECAST,,,,,,,,,,,
1502,401856865,2026,12,2026-11-21 05:00:00,Kansas State,Arizona,False,True,Bill Snyder Family Stadium,0.0623775699664737,0.9376224300335263,Arizona,0.9376224300335263,Very High,2026-09-04 09:43:51 UTC,2026-11-21 05:00:00+00:00,1867.2691575280555,FORECAST,,,,,,,,,,,
1462,401858302,2026,12,2026-11-21 05:00:00,Miami,Virginia Tech,False,True,Hard Rock Stadium,0.9268700986415715,0.07312990135842845,Miami,0.9268700986415715,Very High,2026-09-04 09:43:51 UTC,2026-11-21 05:00:00+00:00,1867.2691575280555,FORECAST,,,,,,,,,,,
1446,401869938,2026,12,2026-11-21 05:00:00,Louisiana Tech,Arkansas State,False,True,Joe Aillet Stadium,0.9256598543148887,0.07434014568511127,Louisiana Tech,0.9256598543148887,Very High,2026-09-04 09:43:51 UTC,2026-11-21 05:00:00+00:00,1867.2691575280555,FORECAST,,,,,,,,,,,
1464,401856748,2026,12,2026-11-21 05:00:00,Florida,Vanderbilt,False,True,Ben Hill Griffin Stadium,0.09745352297559892,0.902546477024401,Vanderbilt,0.902546477024401,Very High,2026-09-04 09:43:51 UTC,2026-11-21 05:00:00+00:00,1867.2691575280555,FORECAST,,,,,,,,,,,
1477,401856870,2026,12,2026-11-21 05:00:00,Arizona State,Oklahoma State,False,True,Mountain America Stadium,0.9022255739713707,0.09777442602862929,Arizona State,0.9022255739713707,Very High,2026-09-04 09:43:51 UTC,2026-11-21 05:00:00+00:00,1867.2691575280555,FORECAST,,,,,,,,,,,
1481,401858533,2026,12,2026-11-21 05:00:00,Purdue,Wisconsin,False,True,Ross-Ade Stadium,0.11223480802149567,0.8877651919785043,Wisconsin,0.8877651919785043,Very High,2026-09-04 09:43:51 UTC,2026-11-21 05:00:00+00:00,1867.2691575280555,FORECAST,,,,,,,,,,,
1473,401858308,2026,12,2026-11-21 05:00:00,California,Stanford,False,True,California Memorial Stadium,0.8876294449677824,0.1123705550322176,California,0.8876294449677824,Very High,2026-09-04 09:43:51 UTC,2026-11-21 05:00:00+00:00,1867.2691575280555,FORECAST,,,,,,,,,,,
1489,401871101,2026,12,2026-11-21 05:00:00,Southern Miss,South Alabama,False,True,M. M. Roberts Stadium,0.11750468333119192,0.8824953166688081,South Alabama,0.8824953166688081,Very High,2026-09-04 09:43:51 UTC,2026-11-21 05:00:00+00:00,1867.2691575280555,FORECAST,,,,,,,,,,,
1496,401858534,2026,12,2026-11-21 05:00:00,USC,Maryland,False,True,Los Angeles Memorial Coliseum,0.8715550458055289,0.1284449541944711,USC,0.8715550458055289,Very High,2026-09-04 09:43:51 UTC,2026-11-21 05:00:00+00:00,1867.2691575280555,FORECAST,,,,,,,,,,,
1476,401856754,2026,12,2026-11-21 05:00:00,Tennessee,LSU,False,True,Neyland Stadium,0.8271697921559593,0.17283020784404068,Tennessee,0.8271697921559593,Very High,2026-09-04 09:43:51 UTC,2026-11-21 05:00:00+00:00,1867.2691575280555,FORECAST,,,,,,,,,,,
1485,401858530,2026,12,2026-11-21 05:00:00,Minnesota,Northwestern,False,True,Huntington Bank Stadium,0.818957713198155,0.18104228680184498,Minnesota,0.818957713198155,Very High,2026-09-04 09:43:51 UTC,2026-11-21 05:00:00+00:00,1867.2691575280555,FORECAST,,,,,,,,,,,
1500,401858531,2026,12,2026-11-21 05:00:00,Nebraska,Ohio State,False,True,"Memorial Stadium (Lincoln, NE)",0.21413300270640986,0.7858669972935901,Ohio State,0.7858669972935901,High,2026-09-04 09:43:51 UTC,2026-11-21 05:00:00+00:00,1867.2691575280555,FORECAST,,,,,,,,,,,
1456,401864541,2026,12,2026-11-21 05:00:00,Nevada,Hawai'i,False,True,Mackay Stadium,0.21566221805629238,0.7843377819437076,Hawai'i,0.7843377819437076,High,2026-09-04 09:43:51 UTC,2026-11-21 05:00:00+00:00,1867.2691575280555,FORECAST,,,,,,,,,,,
1468,401858535,2026,12,2026-11-21 05:00:00,Washington,Indiana,False,True,Husky Stadium,0.24821163895972193,0.751788361040278,Indiana,0.751788361040278,High,2026-09-04 09:43:51 UTC,2026-11-21 05:00:00+00:00,1867.2691575280555,FORECAST,,,,,,,,,,,
1463,401858310,2026,12,2026-11-21 05:00:00,Georgia Tech,Wake Forest,False,True,Bobby Dodd Stadium,0.7392656710041464,0.2607343289958536,Georgia Tech,0.7392656710041464,High,2026-09-04 09:43:51 UTC,2026-11-21 05:00:00+00:00,1867.2691575280555,FORECAST,,,,,,,,,,,
1501,401869953,2026,12,2026-11-21 05:00:00,Troy,Georgia Southern,False,True,Veterans Memorial Stadium (AL),0.2682772282675838,0.7317227717324162,Georgia Southern,0.7317227717324162,High,2026-09-04 09:43:51 UTC,2026-11-21 05:00:00+00:00,1867.2691575280555,FORECAST,,,,,,,,,,,
1458,401856755,2026,12,2026-11-21 05:00:00,Texas,Arkansas,False,True,DKR-Texas Memorial Stadium,0.7239504879533258,0.27604951204667416,Texas,0.7239504879533258,High,2026-09-04 09:43:51 UTC,2026-11-21 05:00:00+00:00,1867.2691575280555,FORECAST,,,,,,,,,,,
1486,401856752,2026,12,2026-11-21 05:00:00,Oklahoma,Texas A&M,False,True,"Memorial Stadium (Norman, OK)",0.2794946849386035,0.7205053150613965,Texas A&M,0.7205053150613965,High,2026-09-04 09:43:51 UTC,2026-11-21 05:00:00+00:00,1867.2691575280555,FORECAST,,,,,,,,,,,
1495,401858304,2026,12,2026-11-21 05:00:00,Florida State,NC State,False,True,Doak Campbell Stadium,0.3307891798479542,0.6692108201520458,NC State,0.6692108201520458,Moderate,2026-09-04 09:43:51 UTC,2026-11-21 05:00:00+00:00,1867.2691575280555,FORECAST,,,,,,,,,,,
1474,401856872,2026,12,2026-11-21 05:00:00,TCU,Utah,False,True,Amon G. Carter Stadium,0.6179331701839321,0.3820668298160679,TCU,0.6179331701839321,Moderate,2026-09-04 09:43:51 UTC,2026-11-21 05:00:00+00:00,1867.2691575280555,FORECAST,,,,,,,,,,,
1459,401862835,2026,12,2026-11-21 05:00:00,Tulane,North Texas,False,True,Yulman Stadium,0.410408417570664,0.5895915824293361,North Texas,0.5895915824293361,Low,2026-09-04 09:43:51 UTC,2026-11-21 05:00:00+00:00,1867.2691575280555,FORECAST,,,,,,,,,,,
1480,401869929,2026,12,2026-11-21 05:00:00,App State,UL Monroe,False,True,Kidd Brewer Stadium,0.4466347441128936,0.5533652558871064,UL Monroe,0.5533652558871064,Low,2026-09-04 09:43:51 UTC,2026-11-21 05:00:00+00:00,1867.2691575280555,FORECAST,,,,,,,,,,,
1466,401858527,2026,12,2026-11-21 05:00:00,Illinois,Iowa,False,True,"Memorial Stadium (Champaign, IL)",0.5448236722404287,0.4551763277595713,Illinois,0.5448236722404287,Low,2026-09-04 09:43:51 UTC,2026-11-21 05:00:00+00:00,1867.2691575280555,FORECAST,,,,,,,,,,,
1514,401862834,2026,12,2026-11-21 17:00:00,Navy,Memphis,False,True,Navy-Marine Corps Memorial Stadium,0.8777814481822944,0.12221855181770558,Navy,0.8777814481822944,Very High,2026-09-04 09:43:51 UTC,2026-11-21 17:00:00+00:00,1879.2691575280555,FORECAST,,,,,,,,,,,
1503,401862831,2026,12,2026-11-21 17:00:00,Army,East Carolina,False,True,Michie Stadium,0.2512938661982613,0.7487061338017387,East Carolina,0.7487061338017387,High,2026-09-04 09:43:51 UTC,2026-11-21 17:00:00+00:00,1879.2691575280555,FORECAST,,,,,,,,,,,
1513,401856749,2026,12,2026-11-21 17:00:00,Ole Miss,Wofford,False,False,Vaught-Hemingway Stadium,0.7073934462432888,0.2926065537567112,Ole Miss,0.7073934462432888,High,2026-09-04 09:43:51 UTC,2026-11-21 17:00:00+00:00,1879.2691575280555,FORECAST,,,,,,,,,,,
1524,401856750,2026,12,2026-11-21 18:00:00,Mississippi State,Tennessee Tech,False,False,Davis Wade Stadium,0.31940650082829664,0.6805934991717033,Tennessee Tech,0.6805934991717033,Moderate,2026-09-04 09:43:51 UTC,2026-11-21 18:00:00+00:00,1880.2691575280555,FORECAST,,,,,,,,,,,
1472,401871080,2026,12,2026-11-21 18:00:00,Liberty,Western Kentucky,False,True,Williams Stadium (VA),0.5120279372984554,0.4879720627015446,Liberty,0.5120279372984554,Low,2026-09-04 09:43:51 UTC,2026-11-21 18:00:00+00:00,1880.2691575280555,FORECAST,,,,,,,,,,,
1483,401871081,2026,12,2026-11-21 19:00:00,Sam Houston,Middle Tennessee,False,True,Elliott T. Bowers Stadium,0.03347224346473519,0.9665277565352648,Middle Tennessee,0.9665277565352648,Very High,2026-09-04 09:43:51 UTC,2026-11-21 19:00:00+00:00,1881.2691575280555,FORECAST,,,,,,,,,,,
1534,401856746,2026,12,2026-11-21 19:00:00,Alabama,Chattanooga,False,False,Bryant-Denny Stadium,0.8494625247654393,0.15053747523456074,Alabama,0.8494625247654393,Very High,2026-09-04 09:43:51 UTC,2026-11-21 19:00:00+00:00,1881.2691575280555,FORECAST,,,,,,,,,,,
1469,401871079,2026,12,2026-11-21 19:00:00,Jacksonville State,Missouri State,False,True,AmFirst Stadium,0.8145851632596922,0.1854148367403078,Jacksonville State,0.8145851632596922,Very High,2026-09-04 09:43:51 UTC,2026-11-21 19:00:00+00:00,1881.2691575280555,FORECAST,,,,,,,,,,,
1484,401871078,2026,12,2026-11-21 20:00:00,Kennesaw State,Florida International,False,True,Fifth Third Stadium,0.04509411421470447,0.9549058857852956,Florida International,0.9549058857852956,Very High,2026-09-04 09:43:51 UTC,2026-11-21 20:00:00+00:00,1882.2691575280555,FORECAST,,,,,,,,,,,
1455,401871077,2026,12,2026-11-21 20:00:00,New Mexico State,Delaware,False,True,Aggie Memorial Stadium,0.31523909221546786,0.6847609077845321,Delaware,0.6847609077845321,Moderate,2026-09-04 09:43:51 UTC,2026-11-21 20:00:00+00:00,1882.2691575280555,FORECAST,,,,,,,,,,,
1549,401856747,2026,12,2026-11-21 20:30:00,Auburn,Samford,False,False,Jordan-Hare Stadium,0.9964933295136654,0.0035066704863345732,Auburn,0.9964933295136654,Very High,2026-09-04 09:43:51 UTC,2026-11-21 20:30:00+00:00,1882.7691575280555,FORECAST,,,,,,,,,,,
1552,401861968,2026,12,2026-11-21 20:30:00,UConn,Old Dominion,False,False,Pratt & Whitney Stadium,0.549975917265758,0.450024082734242,UConn,0.549975917265758,Low,2026-09-04 09:43:51 UTC,2026-11-21 20:30:00+00:00,1882.7691575280555,FORECAST,,,,,,,,,,,
1555,401864543,2026,12,2026-11-21 21:00:00,North Dakota State,Northern Illinois,False,True,Fargodome,0.9961227299741997,0.0038772700258002946,North Dakota State,0.9961227299741997,Very High,2026-09-04 09:43:51 UTC,2026-11-21 21:00:00+00:00,1883.2691575280555,FORECAST,,,,,,,,,,,
1562,401860920,2026,12,2026-11-21 23:00:00,Texas State,Washington State,False,True,Bobcat Stadium (TX),0.9648529579703871,0.03514704202961294,Texas State,0.9648529579703871,Very High,2026-09-04 09:43:51 UTC,2026-11-21 23:00:00+00:00,1885.2691575280555,FORECAST,,,,,,,,,,,
1566,401864544,2026,12,2026-11-22 00:00:00,San José State,UNLV,False,True,CEFCU Stadium,0.028880534189374984,0.971119465810625,UNLV,0.971119465810625,Very High,2026-09-04 09:43:51 UTC,2026-11-22 00:00:00+00:00,1886.2691575280555,FORECAST,,,,,,,,,,,
1565,401860918,2026,12,2026-11-22 00:30:00,Fresno State,Colorado State,False,True,Valley Children's Stadium,0.9908626670488617,0.009137332951138277,Fresno State,0.9908626670488617,Very High,2026-09-04 09:43:51 UTC,2026-11-22 00:30:00+00:00,1886.7691575280555,FORECAST,,,,,,,,,,,
1564,401858307,2026,12,2026-11-22 00:30:00,Notre Dame,SMU,False,False,Notre Dame Stadium,0.9551563204065424,0.044843679593457586,Notre Dame,0.9551563204065424,Very High,2026-09-04 09:43:51 UTC,2026-11-22 00:30:00+00:00,1886.7691575280555,FORECAST,,,,,,,,,,,
1568,401864542,2026,12,2026-11-22 02:00:00,Wyoming,New Mexico,False,True,War Memorial Stadium,0.4401840384591478,0.5598159615408522,New Mexico,0.5598159615408522,Low,2026-09-04 09:43:51 UTC,2026-11-22 02:00:00+00:00,1888.2691575280555,FORECAST,,,,,,,,,,,
1569,401860925,2026,12,2026-11-22 02:30:00,Boise State,San Diego State,False,True,Albertsons Stadium,0.8680943677031068,0.13190563229689323,Boise State,0.8680943677031068,Very High,2026-09-04 09:43:51 UTC,2026-11-22 02:30:00+00:00,1888.7691575280555,FORECAST,,,,,,,,,,,
1570,401860919,2026,12,2026-11-22 03:30:00,Oregon State,Utah State,False,True,Reser Stadium,0.33978876238309375,0.6602112376169063,Utah State,0.6602112376169063,Moderate,2026-09-04 09:43:51 UTC,2026-11-22 03:30:00+00:00,1889.7691575280555,FORECAST,,,,,,,,,,,
1572,401866471,2026,13,2026-11-24 05:00:00,Western Michigan,Miami (OH),False,True,Waldo Stadium,0.9517707278292538,0.04822927217074624,Western Michigan,0.9517707278292538,Very High,2026-09-04 09:43:51 UTC,2026-11-24 05:00:00+00:00,1939.2691575280555,FORECAST,,,,,,,,,,,
1571,401866470,2026,13,2026-11-25 00:00:00,Eastern Michigan,Kent State,False,True,Rynearson Stadium,0.9235587702303047,0.07644122976969525,Eastern Michigan,0.9235587702303047,Very High,2026-09-04 09:43:51 UTC,2026-11-25 00:00:00+00:00,1958.2691575280555,FORECAST,,,,,,,,,,,
1574,401856879,2026,13,2026-11-27 01:00:00,Texas Tech,TCU,False,True,Jones AT&T Stadium,0.9104068494937531,0.08959315050624694,Texas Tech,0.9104068494937531,Very High,2026-09-04 09:43:51 UTC,2026-11-27 01:00:00+00:00,2007.2691575280555,FORECAST,,,,,,,,,,,
1576,401862837,2026,13,2026-11-27 05:00:00,East Carolina,Florida Atlantic,False,True,Dowdy-Ficklen Stadium,0.9806632192236665,0.019336780776333495,East Carolina,0.9806632192236665,Very High,2026-09-04 09:43:51 UTC,2026-11-27 05:00:00+00:00,2011.2691575280555,FORECAST,,,,,,,,,,,
1577,401862839,2026,13,2026-11-27 05:00:00,South Florida,Tulane,False,True,Raymond James Stadium,0.8968600930119336,0.10313990698806641,South Florida,0.8968600930119336,Very High,2026-09-04 09:43:51 UTC,2026-11-27 05:00:00+00:00,2011.2691575280555,FORECAST,,,,,,,,,,,
1575,401862838,2026,13,2026-11-27 05:00:00,Memphis,Temple,False,True,Simmons Bank Liberty Stadium,0.805842996953345,0.19415700304665495,Memphis,0.805842996953345,Very High,2026-09-04 09:43:51 UTC,2026-11-27 05:00:00+00:00,2011.2691575280555,FORECAST,,,,,,,,,,,
1581,401858536,2026,13,2026-11-27 17:00:00,Iowa,Nebraska,False,True,Kinnick Stadium,0.9702462944838475,0.02975370551615253,Iowa,0.9702462944838475,Very High,2026-09-04 09:43:51 UTC,2026-11-27 17:00:00+00:00,2023.2691575280555,FORECAST,,,,,,,,,,,
1580,401856762,2026,13,2026-11-27 17:00:00,Ole Miss,Mississippi State,False,True,Vaught-Hemingway Stadium,0.9532269433774443,0.04677305662255571,Ole Miss,0.9532269433774443,Very High,2026-09-04 09:43:51 UTC,2026-11-27 17:00:00+00:00,2023.2691575280555,FORECAST,,,,,,,,,,,
1579,401866472,2026,13,2026-11-27 17:00:00,Akron,Buffalo,False,True,InfoCision Stadium,0.9450175522545711,0.05498244774542893,Akron,0.9450175522545711,Very High,2026-09-04 09:43:51 UTC,2026-11-27 17:00:00+00:00,2023.2691575280555,FORECAST,,,,,,,,,,,
1578,401866473,2026,13,2026-11-27 17:00:00,Ohio,Toledo,False,True,Peden Stadium,0.16285130490073105,0.8371486950992689,Toledo,0.8371486950992689,Very High,2026-09-04 09:43:51 UTC,2026-11-27 17:00:00+00:00,2023.2691575280555,FORECAST,,,,,,,,,,,
1582,401869930,2026,13,2026-11-27 20:00:00,South Alabama,App State,False,True,Hancock Whitney Stadium,0.9717289036547084,0.02827109634529157,South Alabama,0.9717289036547084,Very High,2026-09-04 09:43:51 UTC,2026-11-27 20:00:00+00:00,2026.2691575280555,FORECAST,,,,,,,,,,,
1584,401864549,2026,13,2026-11-27 20:30:00,San José State,North Dakota State,False,True,CEFCU Stadium,0.07003013917549301,0.9299698608245069,North Dakota State,0.9299698608245069,Very High,2026-09-04 09:43:51 UTC,2026-11-27 20:30:00+00:00,2026.7691575280555,FORECAST,,,,,,,,,,,
1583,401856759,2026,13,2026-11-27 20:30:00,Florida State,Florida,False,False,Doak Campbell Stadium,0.5958013339369529,0.4041986660630471,Florida State,0.5958013339369529,Low,2026-09-04 09:43:51 UTC,2026-11-27 20:30:00+00:00,2026.7691575280555,FORECAST,,,,,,,,,,,
1585,401856756,2026,13,2026-11-28 00:30:00,Texas A&M,Texas,False,True,Kyle Field,0.9510691911753698,0.04893080882463019,Texas A&M,0.9510691911753698,Very High,2026-09-04 09:43:51 UTC,2026-11-28 00:30:00+00:00,2030.7691575280555,FORECAST,,,,,,,,,,,
1586,401858544,2026,13,2026-11-28 00:30:00,Wisconsin,Minnesota,False,True,Camp Randall Stadium,0.6277871398288024,0.3722128601711976,Wisconsin,0.6277871398288024,Moderate,2026-09-04 09:43:51 UTC,2026-11-28 00:30:00+00:00,2030.7691575280555,FORECAST,,,,,,,,,,,
1587,401856880,2026,13,2026-11-28 02:00:00,Utah,West Virginia,False,True,Rice-Eccles Stadium,0.9967988288741318,0.003201171125868152,Utah,0.9967988288741318,Very High,2026-09-04 09:43:51 UTC,2026-11-28 02:00:00+00:00,2032.2691575280555,FORECAST,,,,,,,,,,,
1624,401858538,2026,13,2026-11-28 05:00:00,Indiana,Purdue,False,True,"Memorial Stadium (Bloomington, IN)",0.9971878823831125,0.0028121176168874884,Indiana,0.9971878823831125,Very High,2026-09-04 09:43:51 UTC,2026-11-28 05:00:00+00:00,2035.2691575280555,FORECAST,,,,,,,,,,,
1601,401858543,2026,13,2026-11-28 05:00:00,UCLA,USC,False,True,Rose Bowl,0.011954031257872502,0.9880459687421275,USC,0.9880459687421275,Very High,2026-09-04 09:43:51 UTC,2026-11-28 05:00:00+00:00,2035.2691575280555,FORECAST,,,,,,,,,,,
1605,401858311,2026,13,2026-11-28 05:00:00,Miami,Boston College,False,True,Hard Rock Stadium,0.9850153822416164,0.014984617758383556,Miami,0.9850153822416164,Very High,2026-09-04 09:43:51 UTC,2026-11-28 05:00:00+00:00,2035.2691575280555,FORECAST,,,,,,,,,,,
1607,401862842,2026,13,2026-11-28 05:00:00,Charlotte,Navy,False,True,Jerry Richardson Stadium,0.015188698822325444,0.9848113011776746,Navy,0.9848113011776746,Very High,2026-09-04 09:43:51 UTC,2026-11-28 05:00:00+00:00,2035.2691575280555,FORECAST,,,,,,,,,,,
1613,401869947,2026,13,2026-11-28 05:00:00,James Madison,Coastal Carolina,False,True,Bridgeforth Stadium,0.9816972936353606,0.018302706364639376,James Madison,0.9816972936353606,Very High,2026-09-04 09:43:51 UTC,2026-11-28 05:00:00+00:00,2035.2691575280555,FORECAST,,,,,,,,,,,
1632,401862843,2026,13,2026-11-28 05:00:00,North Texas,UAB,False,True,DATCU Stadium,0.9770703571116813,0.02292964288831867,North Texas,0.9770703571116813,Very High,2026-09-04 09:43:51 UTC,2026-11-28 05:00:00+00:00,2035.2691575280555,FORECAST,,,,,,,,,,,
1604,401858539,2026,13,2026-11-28 05:00:00,Maryland,Penn State,False,True,SECU Stadium,0.02317495548434905,0.976825044515651,Penn State,0.976825044515651,Very High,2026-09-04 09:43:51 UTC,2026-11-28 05:00:00+00:00,2035.2691575280555,FORECAST,,,,,,,,,,,
1603,401858314,2026,13,2026-11-28 05:00:00,Syracuse,Notre Dame,False,False,JMA Wireless Dome,0.02561293969879167,0.9743870603012084,Notre Dame,0.9743870603012084,Very High,2026-09-04 09:43:51 UTC,2026-11-28 05:00:00+00:00,2035.2691575280555,FORECAST,,,,,,,,,,,
1590,401864550,2026,13,2026-11-28 05:00:00,Northern Illinois,UTEP,False,True,Huskie Stadium,0.9615057557767518,0.03849424422324821,Northern Illinois,0.9615057557767518,Very High,2026-09-04 09:43:51 UTC,2026-11-28 05:00:00+00:00,2035.2691575280555,FORECAST,,,,,,,,,,,
1627,401856764,2026,13,2026-11-28 05:00:00,Clemson,South Carolina,False,False,"Memorial Stadium (Clemson, SC)",0.9548403452613949,0.04515965473860506,Clemson,0.9548403452613949,Very High,2026-09-04 09:43:51 UTC,2026-11-28 05:00:00+00:00,2035.2691575280555,FORECAST,,,,,,,,,,,
1615,401858541,2026,13,2026-11-28 05:00:00,Oregon,Washington,False,True,Autzen Stadium,0.9542410065798195,0.04575899342018053,Oregon,0.9542410065798195,Very High,2026-09-04 09:43:51 UTC,2026-11-28 05:00:00+00:00,2035.2691575280555,FORECAST,,,,,,,,,,,
1599,401856874,2026,13,2026-11-28 05:00:00,Houston,Baylor,False,True,TDECU Stadium,0.9436358573251723,0.0563641426748277,Houston,0.9436358573251723,Very High,2026-09-04 09:43:51 UTC,2026-11-28 05:00:00+00:00,2035.2691575280555,FORECAST,,,,,,,,,,,
1611,401871102,2026,13,2026-11-28 05:00:00,UL Monroe,Marshall,False,True,Malone Stadium,0.05669058452728907,0.943309415472711,Marshall,0.943309415472711,Very High,2026-09-04 09:43:51 UTC,2026-11-28 05:00:00+00:00,2035.2691575280555,FORECAST,,,,,,,,,,,
1629,401871103,2026,13,2026-11-28 05:00:00,Old Dominion,Southern Miss,False,True,S.B. Ballard Stadium,0.9427657798866946,0.05723422011330537,Old Dominion,0.9427657798866946,Very High,2026-09-04 09:43:51 UTC,2026-11-28 05:00:00+00:00,2035.2691575280555,FORECAST,,,,,,,,,,,
1600,401858542,2026,13,2026-11-28 05:00:00,Rutgers,Michigan State,False,True,SHI Stadium,0.06988213622458049,0.9301178637754195,Michigan State,0.9301178637754195,Very High,2026-09-04 09:43:51 UTC,2026-11-28 05:00:00+00:00,2035.2691575280555,FORECAST,,,,,,,,,,,
1610,401862840,2026,13,2026-11-28 05:00:00,UTSA,Tulsa,False,True,Alamodome,0.8962116243421516,0.10378837565784838,UTSA,0.8962116243421516,Very High,2026-09-04 09:43:51 UTC,2026-11-28 05:00:00+00:00,2035.2691575280555,FORECAST,,,,,,,,,,,
1594,401862841,2026,13,2026-11-28 05:00:00,Rice,Army,False,True,Rice Stadium,0.11291764416038826,0.8870823558396117,Army,0.8870823558396117,Very High,2026-09-04 09:43:51 UTC,2026-11-28 05:00:00+00:00,2035.2691575280555,FORECAST,,,,,,,,,,,
1621,401858313,2026,13,2026-11-28 05:00:00,North Carolina,NC State,False,True,Kenan Stadium,0.1250848673641814,0.8749151326358187,NC State,0.8749151326358187,Very High,2026-09-04 09:43:51 UTC,2026-11-28 05:00:00+00:00,2035.2691575280555,FORECAST,,,,,,,,,,,
1614,401861969,2026,13,2026-11-28 05:00:00,Wyoming,UConn,False,False,War Memorial Stadium,0.12615474032487967,0.8738452596751203,UConn,0.8738452596751203,Very High,2026-09-04 09:43:51 UTC,2026-11-28 05:00:00+00:00,2035.2691575280555,FORECAST,,,,,,,,,,,
1595,401858317,2026,13,2026-11-28 05:00:00,Virginia Tech,Virginia,False,True,Lane Stadium,0.14031544500688184,0.8596845549931181,Virginia,0.8596845549931181,Very High,2026-09-04 09:43:51 UTC,2026-11-28 05:00:00+00:00,2035.2691575280555,FORECAST,,,,,,,,,,,
1625,401856758,2026,13,2026-11-28 05:00:00,Arkansas,LSU,False,True,Razorback Stadium,0.17715281676373568,0.8228471832362643,LSU,0.8228471832362643,Very High,2026-09-04 09:43:51 UTC,2026-11-28 05:00:00+00:00,2035.2691575280555,FORECAST,,,,,,,,,,,
1589,401856873,2026,13,2026-11-28 05:00:00,Arizona,Arizona State,False,True,Arizona Stadium,0.8197175932158468,0.1802824067841532,Arizona,0.8197175932158468,Very High,2026-09-04 09:43:51 UTC,2026-11-28 05:00:00+00:00,2035.2691575280555,FORECAST,,,,,,,,,,,
1617,401856761,2026,13,2026-11-28 05:00:00,Kentucky,Louisville,False,False,Kroger Field,0.2005287263937739,0.7994712736062262,Louisville,0.7994712736062262,High,2026-09-04 09:43:51 UTC,2026-11-28 05:00:00+00:00,2035.2691575280555,FORECAST,,,,,,,,,,,
1631,401856875,2026,13,2026-11-28 05:00:00,Colorado,UCF,False,True,Folsom Field,0.2145342880667965,0.7854657119332035,UCF,0.7854657119332035,High,2026-09-04 09:43:51 UTC,2026-11-28 05:00:00+00:00,2035.2691575280555,FORECAST,,,,,,,,,,,
1608,401856876,2026,13,2026-11-28 05:00:00,BYU,Cincinnati,False,True,LaVell Edwards Stadium,0.7841019927629146,0.2158980072370854,BYU,0.7841019927629146,High,2026-09-04 09:43:51 UTC,2026-11-28 05:00:00+00:00,2035.2691575280555,FORECAST,,,,,,,,,,,
1619,401869959,2026,13,2026-11-28 05:00:00,Georgia State,Louisiana,False,True,Center Parc Stadium,0.23513017730562294,0.7648698226943771,Louisiana,0.7648698226943771,High,2026-09-04 09:43:51 UTC,2026-11-28 05:00:00+00:00,2035.2691575280555,FORECAST,,,,,,,,,,,
1597,401856765,2026,13,2026-11-28 05:00:00,Vanderbilt,Tennessee,False,True,FirstBank Stadium,0.7561535536545015,0.24384644634549846,Vanderbilt,0.7561535536545015,High,2026-09-04 09:43:51 UTC,2026-11-28 05:00:00+00:00,2035.2691575280555,FORECAST,,,,,,,,,,,
1592,401856877,2026,13,2026-11-28 05:00:00,Oklahoma State,Kansas,False,True,Boone Pickens Stadium,0.7339083635493542,0.2660916364506458,Oklahoma State,0.7339083635493542,High,2026-09-04 09:43:51 UTC,2026-11-28 05:00:00+00:00,2035.2691575280555,FORECAST,,,,,,,,,,,
1598,401856878,2026,13,2026-11-28 05:00:00,Iowa State,Kansas State,False,True,Jack Trice Stadium,0.7107891305748001,0.2892108694251999,Iowa State,0.7107891305748001,High,2026-09-04 09:43:51 UTC,2026-11-28 05:00:00+00:00,2035.2691575280555,FORECAST,,,,,,,,,,,
1612,401856763,2026,13,2026-11-28 05:00:00,Missouri,Oklahoma,False,True,Memorial Stadium,0.6665245389648721,0.33347546103512793,Missouri,0.6665245389648721,Moderate,2026-09-04 09:43:51 UTC,2026-11-28 05:00:00+00:00,2035.2691575280555,FORECAST,,,,,,,,,,,
1626,401856757,2026,13,2026-11-28 05:00:00,Alabama,Auburn,False,True,Bryant-Denny Stadium,0.6661484087446669,0.33385159125533315,Alabama,0.6661484087446669,Moderate,2026-09-04 09:43:51 UTC,2026-11-28 05:00:00+00:00,2035.2691575280555,FORECAST,,,,,,,,,,,
1622,401858316,2026,13,2026-11-28 05:00:00,Stanford,SMU,False,True,Stanford Stadium,0.34257231955926815,0.6574276804407319,SMU,0.6574276804407319,Moderate,2026-09-04 09:43:51 UTC,2026-11-28 05:00:00+00:00,2035.2691575280555,FORECAST,,,,,,,,,,,
1623,401856760,2026,13,2026-11-28 05:00:00,Georgia,Georgia Tech,False,False,Sanford Stadium,0.6314546588076572,0.36854534119234283,Georgia,0.6314546588076572,Moderate,2026-09-04 09:43:51 UTC,2026-11-28 05:00:00+00:00,2035.2691575280555,FORECAST,,,,,,,,,,,
1620,401858315,2026,13,2026-11-28 05:00:00,California,Pittsburgh,False,True,California Memorial Stadium,0.6211513605317321,0.37884863946826786,California,0.6211513605317321,Moderate,2026-09-04 09:43:51 UTC,2026-11-28 05:00:00+00:00,2035.2691575280555,FORECAST,,,,,,,,,,,
1609,401869954,2026,13,2026-11-28 05:00:00,Georgia Southern,Louisiana Tech,False,True,Allen E. Paulson Stadium,0.5692572125565522,0.43074278744344785,Georgia Southern,0.5692572125565522,Low,2026-09-04 09:43:51 UTC,2026-11-28 05:00:00+00:00,2035.2691575280555,FORECAST,,,,,,,,,,,
1602,401858537,2026,13,2026-11-28 05:00:00,Northwestern,Illinois,False,True,Ryan Field,0.553569617137519,0.44643038286248105,Northwestern,0.553569617137519,Low,2026-09-04 09:43:51 UTC,2026-11-28 05:00:00+00:00,2035.2691575280555,FORECAST,,,,,,,,,,,
1588,401858312,2026,13,2026-11-28 05:00:00,Wake Forest,Duke,False,True,Allegacy Federal Credit Union Stadium,0.4857162149711705,0.5142837850288295,Duke,0.5142837850288295,Low,2026-09-04 09:43:51 UTC,2026-11-28 05:00:00+00:00,2035.2691575280555,FORECAST,,,,,,,,,,,
1596,401866475,2026,13,2026-11-28 17:00:00,Bowling Green,Massachusetts,False,True,Doyt L. Perry Stadium,0.9922957010535186,0.007704298946481392,Bowling Green,0.9922957010535186,Very High,2026-09-04 09:43:51 UTC,2026-11-28 17:00:00+00:00,2047.2691575280555,FORECAST,,,,,,,,,,,
1628,401866474,2026,13,2026-11-28 17:00:00,Ball State,Central Michigan,False,True,Scheumann Stadium,0.045529920739857996,0.954470079260142,Central Michigan,0.954470079260142,Very High,2026-09-04 09:43:51 UTC,2026-11-28 17:00:00+00:00,2047.2691575280555,FORECAST,,,,,,,,,,,
1633,401858540,2026,13,2026-11-28 17:00:00,Ohio State,Michigan,False,True,Ohio Stadium,0.8851004657060945,0.11489953429390554,Ohio State,0.8851004657060945,Very High,2026-09-04 09:43:51 UTC,2026-11-28 17:00:00+00:00,2047.2691575280555,FORECAST,,,,,,,,,,,
1591,401870804,2026,13,2026-11-28 18:00:00,Western Kentucky,Kennesaw State,False,True,Houchens Industries-L.T. Smith Stadium,0.7262921340620692,0.27370786593793084,Western Kentucky,0.7262921340620692,High,2026-09-04 09:43:51 UTC,2026-11-28 18:00:00+00:00,2048.2691575280555,FORECAST,,,,,,,,,,,
1606,401871082,2026,13,2026-11-28 19:00:00,Florida International,Sam Houston,False,True,Pitbull Stadium,0.9827794633489859,0.017220536651014084,Florida International,0.9827794633489859,Very High,2026-09-04 09:43:51 UTC,2026-11-28 19:00:00+00:00,2049.2691575280555,FORECAST,,,,,,,,,,,
1593,401871083,2026,13,2026-11-28 19:00:00,Middle Tennessee,New Mexico State,False,True,"Johnny ""Red"" Floyd Stadium",0.8576115620707707,0.14238843792922928,Middle Tennessee,0.8576115620707707,Very High,2026-09-04 09:43:51 UTC,2026-11-28 19:00:00+00:00,2049.2691575280555,FORECAST,,,,,,,,,,,
1616,401871063,2026,13,2026-11-28 19:00:00,Missouri State,Liberty,False,True,Plaster Sports Complex,0.8022718875569175,0.19772811244308253,Missouri State,0.8022718875569175,Very High,2026-09-04 09:43:51 UTC,2026-11-28 19:00:00+00:00,2049.2691575280555,FORECAST,,,,,,,,,,,
1618,401869939,2026,13,2026-11-28 20:00:00,Arkansas State,Troy,False,True,Centennial Bank Stadium,0.7667923220487675,0.23320767795123254,Arkansas State,0.7667923220487675,High,2026-09-04 09:43:51 UTC,2026-11-28 20:00:00+00:00,2050.2691575280555,FORECAST,,,,,,,,,,,
1635,401871062,2026,13,2026-11-28 20:30:00,Delaware,Jacksonville State,False,True,Delaware Stadium,0.15286838796962318,0.8471316120303768,Jacksonville State,0.8471316120303768,Very High,2026-09-04 09:43:51 UTC,2026-11-28 20:30:00+00:00,2050.7691575280555,FORECAST,,,,,,,,,,,
1636,401864546,2026,13,2026-11-28 21:30:00,New Mexico,Air Force,False,True,University Stadium (NM),0.8295804131826622,0.17041958681733782,New Mexico,0.8295804131826622,Very High,2026-09-04 09:43:51 UTC,2026-11-28 21:30:00+00:00,2051.7691575280555,FORECAST,,,,,,,,,,,
1637,401864548,2026,13,2026-11-29 02:00:00,UNLV,Nevada,False,True,Allegiant Stadium,0.9909481283151945,0.00905187168480548,UNLV,0.9909481283151945,Very High,2026-09-04 09:43:51 UTC,2026-11-29 02:00:00+00:00,2056.2691575280555,FORECAST,,,,,,,,,,,
1630,401864547,2026,13,2026-11-29 04:00:00,Hawai'i,Sacramento State,False,False,Clarence T.C. Ching Athletics Complex,0.6690255435308934,0.3309744564691066,Hawai'i,0.6690255435308934,Moderate,2026-09-04 09:43:51 UTC,2026-11-29 04:00:00+00:00,2058.2691575280555,FORECAST,,,,,,,,,,,
1638,401862844,2026,15,2026-12-12 20:00:00,Army,Navy,True,True,MetLife Stadium,0.3221668372769754,0.6778331627230245,Navy,0.6778331627230245,Moderate,2026-09-04 09:43:51 UTC,2026-12-12 20:00:00+00:00,2386.2691575280555,FORECAST,,,,,,,,,,,
